BPUIC;STATION_NAME;LONGITUDE;LATITUDE;ELEVATION
8500010;Basel SBB;7.58956279016;47.54741205506;276.75
8500016;Basel St. Johann;7.57252938371;47.57030632127;260.5
8500020;Muttenz;7.64789442691;47.53359121191;280.8
8500021;Pratteln;7.69081730427;47.52266863172;289.6
8500022;Frenkendorf-Füllinsdorf;7.71911053155;47.50146999109;310.96
8500023;Liestal;7.7313674807;47.48446117215;327.06
8500024;Lausen;7.75976281399;47.4703446725;343.0
8500025;Itingen;7.78722597967;47.46727871779;358.64
8500026;Sissach;7.81202757047;47.46275411687;375.92
8500027;Gelterkinden;7.84766722157;47.46589371984;402.828
8500028;Tecknau;7.88761819102;47.44576020691;445.158
8500031;Diepflingen;7.83771739368;47.44956050788;420.43
8500032;Sommerau;7.85148136589;47.43902135795;449.83
8500033;Rümlingen;7.85054194349;47.42537925473;480.24
8500034;Buckten;7.84780053102;47.40899104801;520.49
8500035;Läufelfingen;7.85623157727;47.39213289165;558.63
8500037;Trimbach;7.90428535854;47.36605219046;424.0
8500090;Basel Bad Bf;7.60692041847;47.56730790571;263.0
8500100;Tavannes;7.20164538962;47.21984466032;754.17
8500101;Reconvilier;7.22741792534;47.23523833295;728.5
8500102;Malleray-Bévilard;7.2759462665;47.23871419186;698.18
8500103;Sorvilier;7.30579360416;47.23935383044;681.07
8500104;Court;7.34210987773;47.24060091566;665.7
8500105;Moutier;7.38104429627;47.28067251749;529.17
8500109;Delémont;7.3500633234;47.36201270011;412.74
8500113;Laufen;7.50263613094;47.41934648354;355.15
8500114;Zwingen;7.53046303135;47.43379918732;346.65
8500115;Grellingen;7.59198835479;47.44129489525;322.37
8500116;Duggingen;7.60346073631;47.45344485946;312.79
8500117;Aesch BL;7.60306821023;47.4677446623;298.73
8500118;Dornach-Arlesheim;7.61111894185;47.48861983604;294.17
8500119;Münchenstein;7.61759669026;47.51339736246;272.72
8500120;Courtételle;7.31794276824;47.34282900861;436.9
8500121;Courfaivre;7.29116574221;47.33508312533;450.99
8500122;Bassecourt;7.24684623351;47.33668687682;477.81
8500123;Glovelier;7.20931276817;47.33520951996;504.99
8500124;St-Ursanne;7.16595705354;47.3677029034;491.5
8500125;Courgenay;7.12420504386;47.40522617647;488.09
8500126;Porrentruy;7.08007728509;47.4209163831;422.81
8500127;Courtemaîche;7.05538017512;47.45586918375;397.16
8500128;Boncourt;7.01655175225;47.49263186838;373.45
8500135;Pontenet;7.25415925791;47.23884832499;711.77
8500136;Basel Dreispitz;7.60959592012;47.53743606334;277.0
8500141;Courchavon;7.05764595582;47.43977439731;405.84
8500144;Buix;7.02996726363;47.47933325625;381.62
8500159;Grenchen Nord;7.38961866289;47.19169820511;466.6
8500162;Tramelan-Dessous;7.11274363867;47.22248378123;880.0
8500164;Tramelan-Chalet;7.09230696596;47.2235331322;959.0
8500165;Le Pied-d'Or;7.05622164099;47.22210552172;1005.0
8500167;Les Breuleux-Eglise;7.00242153863;47.21300817767;1051.0
8500169;Muriaux;6.98523676724;47.24421696729;963.0
8500170;Tramelan;7.104299475;47.22282543267;888.0
8500171;Les Reussilles;7.08313516691;47.22433843398;1011.0
8500172;La Chaux-des-Breuleux;7.0254184099;47.2204948381;1007.0
8500173;Les Breuleux;7.00554767582;47.21070156074;1021.0
8500174;Le Noirmont;6.95647271185;47.22325859471;969.0
8500175;Le Creux-des-Biches;6.94066200359;47.20346400034;1012.9
8500176;Le Boéchet;6.92211199482;47.19424699477;1033.3
8500177;Les Bois;6.90618499515;47.17690199353;1028.9
8500178;La Ferrière;6.89405776591;47.14269676821;1005.0
8500179;La Cibourg;6.88366399811;47.12212599582;1035.9
8500180;La Large-Journée;6.8965550824;47.16128048613;1016.0
8500181;La Chaux-d'Abel;6.89877392115;47.15280804531;994.0
8500184;La Chaux-de-Fonds-Est;6.83695186329;47.10340033158;1012.0
8500186;Alle;7.12824856048;47.42422870132;450.0
8500187;Vendlincourt;7.15703956533;47.45215432399;448.0
8500188;Bonfol;7.1548840055;47.47442499687;436.5
8500190;Les Emibois;6.98485049167;47.23189669296;955.0
8500191;Saignelégier;6.99419297063;47.25465646195;983.0
8500192;Le Bémont JU;7.01408167102;47.26322848007;971.0
8500194;Pré-Petitjean;7.05843149659;47.27705296429;929.0
8500195;La Combe;7.09951145454;47.2843294826;844.0
8500196;Bollement;7.12386478189;47.2969239035;807.0
8500199;Combe-Tabeillon;7.15786601539;47.31355953846;626.0
8500200;Pieterlen;7.34019353831;47.17144115402;435.63
8500201;Lengnau BE;7.36655367635;47.17943142327;439.368
8500202;Grenchen Süd;7.39818006116;47.18877468868;440.0
8500203;Bettlach;7.42837301675;47.19494941471;441.0
8500204;Selzach;7.4566350402;47.20062403007;439.0
8500205;Bellach;7.50782539624;47.20887878169;430.14
8500206;Solothurn West;7.53194915011;47.20671728844;433.0
8500207;Solothurn;7.54268921098;47.20419250289;432.0
8500208;Luterbach-Attisholz;7.58352345957;47.21714919275;430.0
8500209;Deitingen;7.61891302482;47.21822579772;429.0
8500210;Wangen an der Aare;7.6562344886;47.23195652525;423.0
8500211;Niederbipp;7.69481806732;47.27040173435;468.0
8500212;Oensingen;7.709870322;47.28503510559;462.0
8500213;Oberbuchsiten;7.77172376414;47.30524722945;442.0
8500214;Egerkingen;7.79896647346;47.31486483593;435.0
8500215;Hägendorf;7.84381639645;47.33026780299;428.0
8500216;Wangen bei Olten;7.86836052;47.34140067311;417.0
8500217;Olten Hammer;7.89772397198;47.34855515901;403.0
8500218;Olten;7.90769964791;47.35193475928;396.0
8500220;Dotzigen;7.33775428544;47.11867176923;433.53
8500221;Büren an der Aare;7.37124283051;47.13815711241;443.0
8500260;Crémines-Zoo;7.45678379841;47.27241981707;699.0
8500261;Langendorf;7.51358543186;47.21786149796;470.4
8500262;Lommiswil;7.46951830598;47.21856495544;555.35
8500263;Im Holz;7.47479487845;47.23092079233;617.95
8500264;Oberdorf SO;7.49369622143;47.23588345437;655.3
8500265;Gänsbrunnen;7.46491573111;47.26565247514;719.05
8500266;Corcelles BE;7.45046312033;47.28566541466;649.85
8500267;Crémines;7.43547730929;47.28560833472;624.0
8500268;Grandval;7.42188209081;47.28358889878;601.5
8500272;Solothurn Sternen;7.54536000468;47.21230000082;437.1
8500273;St. Katharinen;7.5497899983;47.21610999774;437.6
8500274;Feldbrunnen;7.5558600001;47.22066000114;453.4
8500275;Bei den Weihern;7.56659000007;47.22838999585;471.1
8500280;Solothurn Baseltor;7.54190000355;47.20998999526;442.7
8500283;Riedholz;7.57268000517;47.23102999441;470.6
8500285;Flumenthal;7.5966800031;47.23915999538;463.5
8500286;Attiswil;7.61387999724;47.24639999475;463.4
8500287;Wiedlisbach;7.6461000005;47.25288000137;469.7
8500288;Oberbipp;7.6610129384;47.25973627134;487.0
8500289;Buchli;7.67838999781;47.26363000092;464.7
8500292;Klus;7.69379293637;47.30426355061;481.0
8500293;Thalbrücke;7.68827181596;47.30842205271;483.0
8500294;Balsthal;7.69466870824;47.31319313595;489.0
8500300;Kaiseraugst;7.72413554243;47.53849572668;274.3
8500301;Rheinfelden;7.79216890116;47.55121403251;284.5
8500302;Möhlin;7.83386265811;47.56185846602;307.7
8500303;Mumpf;7.90962438937;47.54762608947;310.3
8500304;Eiken;7.98979755315;47.53304427371;328.6
8500305;Frick;8.01309246283;47.50734852395;360.2
8500309;Brugg AG;8.20884455349;47.48085983499;352.1
8500313;Rheinfelden Augarten;7.7680318743;47.54587823444;285.0
8500320;Stein-Säckingen;7.94884287334;47.54160826005;310.9
8500322;Laufenburg;8.06129613291;47.55976842296;317.9
8500329;Koblenz;8.22704969738;47.60033829871;320.3
8501000;Zimeysa;6.06598534857;46.22123959468;429.7
8501001;La Plaine;5.99999277974;46.17866538713;355.85
8501002;Russin;6.01803595662;46.18839513075;378.7
8501003;Satigny;6.0376652117;46.21422722555;414.0
8501006;Meyrin;6.07690079901;46.22233545185;433.37
8501007;Vernier;6.09389170749;46.22071869752;428.44
8501008;Genève;6.14245159514;46.21021289877;392.01
8501011;Les Tuileries;6.14733745893;46.24994634596;388.79
8501012;Creux-de-Genthod;6.16131231072;46.26376775844;386.795
8501013;Pont-Céard;6.16277928503;46.28681738596;392.17
8501014;Mies;6.16765465077;46.29848883329;396.0
8501015;Tannay;6.18112036456;46.3076451449;392.291
8501020;Chambésy;6.1473043207;46.2409448551;390.5
8501021;Genthod-Bellevue;6.15396079257;46.25673767558;385.221
8501022;Versoix;6.16574129202;46.27972718495;387.741
8501023;Coppet;6.18782738095;46.31739357076;393.654
8501026;Genève-Aéroport;6.1119855726;46.2325385344;411.0
8501030;Nyon;6.23596613063;46.38441896755;405.612
8501031;Gland;6.26913983363;46.41998647126;415.571
8501033;Rolle;6.33640380762;46.46274581606;402.349
8501035;Allaman;6.39969707975;46.47575352081;421.868
8501036;St-Prex;6.4559060173;46.48231690632;395.19
8501037;Morges;6.49396950064;46.51110119788;381.55
8501042;Etoy;6.42713535556;46.47517274139;406.49
8501045;Denges-Echandens;6.54050548188;46.52912709916;398.281
8501047;Morges-St-Jean;6.50804403291;46.51819536287;380.161
8501048;Lonay-Préverenges;6.51954473665;46.52313562906;386.707
8501053;La Vuarpillière;6.21725000203;46.39891999378;463.5
8501054;La Gottaz;6.48445999976;46.5065499946;397.0
8501055;Les Pralies;6.12687000389;46.45118000071;1178.2
8501056;Sus-Châtel;6.20585999781;46.43848999898;599.3
8501057;La Chèvrerie-Monterêt;6.18350999736;46.44847999763;972.3
8501058;La Joy-Clinique;6.21675999742;46.44635000204;660.9
8501059;Les Plantaz;6.22903000105;46.391159994;422.2
8501060;La Cure;6.07357000523;46.46514999707;1154.3
8501061;La Givrine;6.11143999975;46.45459999367;1209.0
8501062;St-Cergue;6.16036000101;46.44861000063;1044.2
8501063;Arzier;6.21164999707;46.45863999467;839.0
8501064;Bassins;6.22230999899;46.46056999495;753.2
8501065;Le Muids;6.21542999395;46.45429999376;712.2
8501066;Genolier;6.21457000531;46.43624999982;560.1
8501067;Givrins;6.20522000491;46.42884999537;550.9
8501068;Trélex;6.20642000428;46.4137199949;497.7
8501069;L'Asse;6.21174999488;46.40181999901;474.0
8501080;Le Marais;6.46259000092;46.52746999622;497.9
8501081;Chigny;6.47225000121;46.51601999351;432.5
8501082;Chardonney-Château;6.43256000327;46.53470000024;575.9
8501083;Reverolle;6.43097000017;46.54042999346;602.3
8501084;Le Manège;6.43217000067;46.55911999929;624.7
8501085;Ballens-Froideville;6.3902300012;46.54965999628;680.0
8501087;Mauraz;6.42971999911;46.58491999535;640.8
8501088;Tuilerie;6.41421999543;46.59279999542;668.8
8501089;Villars-Bozon;6.40236000052;46.61045999583;662.9
8501090;Prélionne;6.48027000096;46.50946999398;414.0
8501091;Vufflens-le-Château;6.47317999473;46.52480999371;468.4
8501092;Bussy-Chardonney;6.44650999784;46.5267799942;502.5
8501093;Yens;6.42731999569;46.51996000103;523.5
8501094;Apples;6.42358000054;46.55087999468;639.0
8501095;Ballens;6.3744599981;46.55225999804;710.3
8501096;Bière;6.33690999407;46.53743999366;691.7
8501097;Pampigny-Sévery;6.43216999862;46.57697999901;625.4
8501098;Montricher;6.39305000296;46.59632999466;673.0
8501099;L'Isle;6.41118000413;46.61726999412;662.6
8501100;Le Pont;6.32471989242;46.66866749161;1007.86
8501103;Vallorbe;6.37056563541;46.71240632432;806.91
8501104;Le Day;6.39902378652;46.72003152825;787.13
8501105;Bretonnières;6.47473250427;46.71505532994;673.276
8501106;Croy-Romainmôtier;6.47811626855;46.69671231861;641.76
8501107;Arnex;6.51890716329;46.69807765286;552.43
8501108;La Sarraz;6.51736100453;46.65878497159;484.93
8501110;Ependes VD;6.60766187443;46.74641611112;439.95
8501111;Essert-Pittet;6.58065581845;46.7276733207;438.19
8501112;Chavornay;6.56816324702;46.71008452941;447.09
8501113;Bavois;6.55933485236;46.6876799104;441.6
8501114;Eclépens;6.55242112332;46.65719065801;454.77
8501115;Cossonay-Penthalaz;6.52368916814;46.6060100853;427.95
8501116;Vufflens-la-Ville;6.53076759961;46.57624498091;406.761
8501117;Bussigny;6.55182614923;46.54759036748;406.8
8501118;Renens VD;6.57893533809;46.53704246691;415.887
8501120;Lausanne;6.6290923032;46.51679183548;447.09
8501121;Pully;6.65946814021;46.5109236232;424.8
8501122;Lutry;6.69060943656;46.50378676837;402.06
8501123;Villette VD;6.70737729881;46.49542481882;387.487
8501124;Cully;6.72715146685;46.48856179171;391.66
8501125;Epesses;6.74516603412;46.48932879521;383.09
8501126;Rivaz;6.78459498291;46.47420773609;377.04
8501127;St-Saphorin;6.79703368938;46.47259370777;376.93
8501151;Les Charbonnières;6.31704477281;46.66429453986;1024.6
8501152;Le Séchey;6.30601199608;46.658476129;1045.0
8501153;Le Lieu;6.2834072012;46.64689995824;1050.0
8501154;Les Esserts-de-Rive;6.26036835372;46.63198425637;1036.0
8501155;Le Rocheray;6.25026365958;46.62445724422;1026.2
8501156;Le Solliat-La Golisse;6.23902295172;46.61440647575;1011.2
8501157;Le Sentier-L'Orient;6.23142655342;46.60579116905;1013.0
8501159;Le Brassus;6.21394488318;46.58554394145;1021.0
8501160;Lausanne-Chauderon;6.6260599947;46.5232299992;471.0
8501162;Union-Prilly;6.60984999577;46.53472000031;503.0
8501163;Prilly-Chasseur;6.6074299998;46.53965000111;520.9
8501164;Cery-Fleur-de-Lys;6.60501000535;46.54457999736;540.0
8501165;Jouxtens-Mézery;6.60168999727;46.54833999865;551.9
8501166;Romanel-sur-Lausanne;6.60316999713;46.5624699948;588.3
8501168;Vernand-Camarès;6.60480000415;46.57094000032;596.9
8501169;Cheseaux;6.60595999991;46.58434999991;605.2
8501170;Bel-Air LEB;6.60553000026;46.57868000102;603.8
8501171;Etagnières;6.61303000584;46.60005999641;628.5
8501172;Assens;6.6205300015;46.61314999605;622.2
8501173;Echallens;6.63254000187;46.63950999624;616.8
8501174;Sur Roche;6.63892000604;46.64045000114;623.7
8501175;Sugnens;6.66576000245;46.65484999446;646.9
8501176;Fey;6.68508000127;46.67431999618;646.1
8501177;Bercher;6.70365000286;46.69287999553;625.7
8501178;Grésaley;6.64217016024;46.64325269459;625.0
8501179;Pont-de-Drapel;6.98652000427;46.31985999972;613.7
8501181;Lausanne-Flon;6.63033999676;46.52079999394;480.0
8501191;Orbe;6.53014301172;46.72440836625;473.0
8501194;Les Granges (Orbe);6.54146972734;46.72097096717;445.0
8501198;Château-d'Oex La Palaz;7.14383437141;46.47589994642;985.0
8501199;La Roulaz;7.00148000014;46.33131999732;1022.2
8501200;Vevey;6.84344559824;46.46300181067;386.09
8501201;La Tour-de-Peilz;6.85953267344;46.45545289158;390.41
8501202;Burier;6.87712182481;46.44788647499;395.942
8501203;Clarens;6.89577993661;46.44273829902;399.61
8501229;Monthey-En Place;6.94590847349;46.2594112758;403.7
8501262;Hauteville;6.86088999656;46.46625999504;489.8
8501263;Château-d'Hauteville;6.86529000427;46.46846999968;505.1
8501264;St-Légier-Village;6.87656999507;46.47101999972;553.2
8501265;La Chiésaz;6.88213000031;46.46950999822;576.0
8501266;Château-de-Blonay;6.89174999729;46.46834999773;613.8
8501280;St-Légier-Gare;6.87192999515;46.47052999793;533.1
8501281;Blonay;6.89594000291;46.46568999528;619.7
8501282;Prélaz-sur-Blonay;6.89792999678;46.4688199953;670.8
8501283;Tusinge;6.89625000078;46.47384999689;725.3
8501284;Les Chevalleyres;6.89811999602;46.47559000217;773.6
8501285;Fayaux;6.90763000585;46.46997999963;968.3
8501286;Ondallaz-L'Alliaz;6.91396000084;46.4731599952;1085.9
8501287;Lally;6.91402999521;46.47920999588;1231.6
8501288;Les Pléiades;6.9099399964;46.4833599942;1347.6
8501300;Montreux;6.91044012131;46.43588434114;395.389
8501301;Territet;6.92270695101;46.42638156555;386.186
8501302;Veytaux-Chillon;6.92786078229;46.41762119588;379.795
8501303;Villeneuve VD;6.92700310805;46.39837150643;374.754
8501304;Roche VD;6.92705283746;46.35869637212;379.617
8501374;Fontanivent;6.90232999358;46.45272999777;555.9
8501375;Chernex;6.91008000638;46.44591999613;600.5
8501376;Chamby;6.91350000304;46.44918000241;748.6
8501377;Les Avants;6.94332000102;46.45380999652;975.2
8501378;Allières;7.00788999711;46.46981999617;1008.8
8501379;Les Sciernes;7.03421999494;46.49145999965;885.2
8501380;Montreux-Collège;6.91270999963;46.43609999706;424.5
8501381;Vuarennes;6.91097000183;46.43912000232;441.4
8501382;Châtelard VD;6.90113999574;46.44677999988;501.6
8501383;Planchamp;6.90100000137;46.45117999713;527.3
8501384;Sonzier;6.92120999726;46.43905000216;620.0
8501385;Sendy-Sollard;6.92907000177;46.44663999834;875.1
8501386;Jor;6.9651200062;46.45467000156;1080.6
8501387;Les Cases;6.99771000643;46.45592000108;1116.7
8501388;Les Combes;7.17182999571;46.47747000069;990.8
8501390;Belmont-sur-Montreux;6.90611999469;46.44203999797;462.0
8501391;La Tine;7.04657000131;46.46716999527;849.7
8501392;Rossinière;7.08324000217;46.46480999672;891.3
8501393;La Chaudanne-Les Moulins;7.09673469953;46.46605207109;887.0
8501394;Château-d'Oex;7.13140999894;46.47466999393;966.6
8501395;Les Granges-Gérignoz;7.15495037098;46.47416521953;1002.0
8501396;Flendruz;7.18607000478;46.48208999461;978.6
8501397;Rougemont;7.20896000232;46.48861999881;992.2
8501398;Saanen;7.26026999777;46.48856999595;1010.4
8501399;Gstaad;7.28441000533;46.47479999937;1049.7
8501400;Aigle;6.96368321186;46.31685541861;403.908
8501402;Bex;7.00066990236;46.2514645823;410.96
8501403;St-Maurice;7.00204389825;46.21636950284;421.48
8501404;Evionnaz;7.02551815271;46.1692543801;448.964
8501405;Vernayaz;7.03835858628;46.13854600816;452.18
8501420;Massongex;6.98566054246;46.24120667773;398.83
8501421;Monthey;6.95522666101;46.25565645126;405.97
8501422;Collombey;6.94875636845;46.27119293075;390.96
8501423;Vionnaz;6.9162029673;46.31503283863;382.53
8501424;Vouvry;6.89845022568;46.33649286;381.044
8501425;Les Evouettes;6.87947022056;46.36286697326;377.73
8501426;Bouveret;6.8532438578;46.3858171589;373.96
8501428;St-Gingolph (Suisse);6.80593200412;46.39219441817;392.12
8501446;Villars-sur-Ollon Golf;7.07549000434;46.30911999818;1630.6
8501447;Roches Grises;7.06110000336;46.29375999795;1301.9
8501448;Champéry;6.87148999808;46.17494999416;1035.3
8501452;St-Triphon-Gare;6.97371999602;46.27821999403;393.1
8501453;La Cour;6.88667999557;46.19423999753;919.7
8501454;Fayot;6.89950999534;46.21205999832;839.6
8501456;Chemex;6.93004999397;46.24361999514;587.0
8501457;Monthey-Hôpital;6.94074999848;46.25187999371;544.5
8501458;Villy;6.99440000409;46.28690000023;403.6
8501459;St-Triphon-Village;6.97578999378;46.30206999741;402.6
8501460;Croix-du-Nant;6.92745000391;46.23966999845;600.0
8501461;Ollon VD;6.99310000364;46.29682999447;464.4
8501462;Collombey-Village;6.94596008085;46.26932044852;407.0
8501463;Monthey-Ville;6.94749999941;46.25409999728;415.6
8501464;Troistorrents;6.91581000304;46.22828999684;766.5
8501465;Val-d'Illiez;6.89321999734;46.20360999716;935.5
8501466;Champéry-Village;6.87483999802;46.18147999949;1027.8
8501473;Les Planches (Aigle);7.05526999728;46.35534000045;869.0
8501474;Le Sépey;7.05279000022;46.36124000016;975.4
8501475;Les Echenards;7.08506000544;46.35534999651;1077.3
8501476;Les Aviolats;7.11316000512;46.35297000084;1090.9
8501477;Vers-l'Eglise;7.13414000115;46.35362999356;1126.1
8501479;Les Diablerets;7.15502000539;46.35115999855;1156.1
8501480;Rennaz (Leysin);7.00086999367;46.32736000152;917.1
8501481;Leysin-Village;7.00604999941;46.33926000112;1269.2
8501482;Leysin-Feydey;7.00836000611;46.34444000234;1389.0
8501483;Leysin-Grand-Hôtel;7.0064299966;46.34554999785;1448.0
8501484;Aigle-Dépôt;6.97537000141;46.31828999456;427.6
8501485;Fontanney;6.98229999955;46.31831999452;548.8
8501487;Bex-Place-du-Marché;7.01442999428;46.25091000073;427.6
8501488;Bévieux;7.03088000499;46.2589899961;482.7
8501490;Fontannaz-Seulaz;7.05584999704;46.26759999977;808.7
8501491;Les Posses;7.05089000334;46.2711699996;983.0
8501492;Gryon;7.05971000262;46.27357999524;1130.9
8501493;Gryon Barboleuse;7.07048999792;46.28274999478;1210.3
8501494;Arveyes;7.06268999751;46.29124999588;1231.2
8501495;Villars-sur-Ollon;7.05623000525;46.2962599973;1253.5
8501497;Col-de-Soud;7.06954000076;46.30494000112;1526.8
8501498;Bouquetins;7.07233999959;46.31640000235;1758.5
8501499;Col-de-Bretaye;7.07360999383;46.32192999946;1808.0
8501500;Martigny;7.07912412849;46.10583120719;466.989
8501501;Charrat-Fully;7.12647659794;46.12681287937;460.468
8501502;Saxon;7.17343599205;46.14938337845;465.204
8501503;Riddes;7.21785442217;46.17251115008;470.62
8501504;Chamoson-St-Pierre-de-Clages;7.24109904693;46.18883638076;488.167
8501505;Ardon;7.27094677176;46.20859416926;487.89
8501506;Sion;7.35919703457;46.22755319641;490.57
8501507;St-Léonard;7.41956823287;46.25148857525;504.946
8501509;Sierre/Siders;7.53282555582;46.29212156383;533.1
8501510;Châteauneuf-Conthey;7.30510219999;46.21610868975;488.706
8501554;Aigle-Place-du-Marché;6.97033999545;46.31723999402;416.7
8501561;Vernayaz MC;7.04460764789;46.13041418262;457.0
8501562;Salvan;7.02104949376;46.12161239527;933.8
8501563;Les Marécottes;7.01169182583;46.1123117263;1029.6
8501564;Le Trétien;6.99772622088;46.10231762808;1060.0
8501565;Finhaut;6.97613107;46.08240442031;1224.0
8501566;Le Châtelard VS;6.95802138156;46.06028906706;1125.9
8501568;Le Châtelard-Frontière;6.94987904428;46.05325532521;1116.0
8501572;Martigny-Bourg;7.06973576311;46.09303992722;484.323
8501573;Martigny-Croix;7.05850036228;46.08670396385;503.845
8501575;Bovernier;7.08215513338;46.07869158237;613.918
8501576;Sembrancher;7.14583205021;46.07693128042;716.939
8501577;La Douay;7.1487384093;46.05249795649;819.183
8501578;Orsières;7.14361780689;46.02803684313;902.116
8501579;Le Châble VS;7.21486016547;46.07934236311;816.139
8501580;Etiez;7.160582137;46.08294816378;751.2
8501600;Salgesch;7.57819435695;46.30919533663;575.9
8501601;Leuk;7.64493650277;46.31157951167;623.26
8501602;Turtmann;7.69960496792;46.30933141472;624.21
8501603;Gampel-Steg;7.74758116307;46.30651548091;631.886
8501604;Raron;7.80151060193;46.30627441466;638.777
8501605;Visp;7.88146547575;46.29402913541;650.903
8501609;Brig;7.9880947394;46.3194227058;677.74
8501636;Eyholz;7.91630428018;46.29678056688;653.012
8501661;Oberwald;8.34294481684;46.53085131296;1366.0
8501662;Obergesteln;8.32613402554;46.5132879717;1353.0
8501663;Ulrichen;8.30882061459;46.5050182099;1347.0
8501664;Geschinen;8.28210576169;46.49165333684;1340.0
8501665;Münster VS;8.26653194736;46.48536114535;1359.1
8501666;Reckingen VS;8.243888022;46.46822531576;1315.6
8501667;Gluringen;8.23390671443;46.46278231135;1310.6
8501668;Biel (Goms);8.21942861919;46.45505651109;1283.1
8501669;Blitzingen;8.2049670155;46.44466486794;1266.6
8501670;Niederwald;8.19021414942;46.4353310179;1243.5
8501671;Fürgangen-Bellwald Talstation;8.15231682297;46.41189742985;1201.9
8501672;Fiesch;8.1341917528;46.40628476915;1062.55
8501673;Lax;8.11714779692;46.3870087514;1044.9
8501674;Grengiols;8.09168220563;46.3752111689;891.2
8501675;Betten Talstation;8.07651985296;46.37115787249;828.8
8501676;Mörel;8.04714048292;46.35620868376;759.3
8501677;Bitsch;8.01722378609;46.33605716862;696.1
8501683;Stalden-Saas;7.87075460369;46.23197583167;799.567
8501684;Kalpetran;7.83696109226;46.21406890044;897.15
8501685;St. Niklaus VS;7.80208383825;46.17734145632;1127.0
8501686;Herbriggen;7.79163490263;46.13214787822;1254.55
8501687;Randa;7.78146291592;46.09993078169;1406.35
8501688;Täsch;7.77450721429;46.06745579471;1438.1
8501689;Zermatt;7.74783789838;46.02399988127;1605.324
8501725;Versmont;7.00694999814;46.34141999861;1327.7
8501726;Corbier;6.95143999583;46.27217999937;390.3
8501727;La Clairière;7.06799999698;46.28834000048;1219.7
8501729;Fiesch Feriendorf;8.13077222768;46.3973252152;1048.8
8501950;Preglia;8.29304472633;46.14543107786;331.0
8501951;Varzo;8.24514013395;46.2063101235;529.5
8501952;Iselle di Trasquera;8.20701407234;46.20700858384;629.51
8502000;Aarburg-Oftringen;7.90822260672;47.32026846951;412.0
8502001;Zofingen;7.94311767398;47.28805253541;431.0
8502002;Brittnau-Wikon;7.95704084851;47.26266615497;444.0
8502003;Reiden;7.96877438563;47.24146837213;458.0
8502004;Dagmersellen;7.97902592247;47.21755794083;472.0
8502005;Nebikon;7.9774494816;47.19238062099;487.0
8502006;Wauwil;8.01902005935;47.18385897476;505.0
8502007;Sursee;8.09789386466;47.17079504094;504.0
8502008;Nottwil;8.13860102485;47.13881174771;507.0
8502009;Sempach-Neuenkirch;8.19597905819;47.11605321162;514.0
8502010;St. Erhard-Knutwil;8.07458153471;47.18008191187;516.0
8502011;Oberkirch LU;8.11423445965;47.15523762238;518.0
8502012;Emmenbrücke Kapf;8.27319059247;47.09090997879;484.0
8502017;Waldibrücke;8.31971009182;47.10789934287;422.0
8502020;Rothenburg Station;8.24756144538;47.08918367455;522.0
8502021;Emmenbrücke;8.28256536801;47.07060149968;438.0
8502022;Eschenbach LU;8.3227907318;47.13239599984;468.0
8502023;Ballwil;8.31689880205;47.15376765532;515.0
8502024;Hochdorf;8.28869962431;47.16697518873;483.0
8502028;Emmenbrücke Gersag;8.27682007954;47.07831417827;450.0
8502030;Seon;8.15880738978;47.34614895654;446.0
8502031;Hallwil;8.17594945533;47.32863875663;472.0
8502032;Boniswil;8.18456054926;47.31503873661;482.0
8502033;Birrwil;8.19901733189;47.28785660046;521.0
8502034;Beinwil am See;8.20223554454;47.26721985889;520.0
8502042;Hochdorf Schönau;8.29873363509;47.16456932343;494.0
8502043;Seon Nord;8.16025310171;47.35315656568;447.635
8502100;Safenwil;7.98351823534;47.32175790243;471.0
8502101;Kölliken;8.02646054449;47.33730018642;428.0
8502102;Oberentfelden;8.04838712362;47.35648639546;415.0
8502103;Suhr;8.08229064021;47.3716354742;397.0
8502104;Hunzenschwil;8.12569323097;47.38828588617;399.0
8502105;Othmarsingen;8.21480549444;47.40743350792;419.0
8502106;Mägenwil;8.2351552224;47.41450816826;416.0
8502110;Dulliken;7.94650133116;47.35427613724;394.0
8502111;Däniken SO;7.97877134475;47.35639008754;382.0
8502112;Schönenwerd SO;8.00015839874;47.37142387062;379.0
8502113;Aarau;8.0512737187;47.39135951418;383.0
8502114;Rupperswil;8.12695636531;47.40329025076;374.0
8502115;Wildegg;8.16301990851;47.41527514476;354.0
8502116;Schinznach Bad;8.16694860845;47.4517851643;351.8
8502119;Lenzburg;8.17039288935;47.39119975545;406.0
8502120;Küngoldingen;7.94179667102;47.30214150682;433.5
8502121;Walterswil-Striegel;7.963203602;47.31992356871;467.0
8502122;Kölliken Oberdorf;8.01909057757;47.32468319938;444.0
8502123;Buchs AG;8.06958833558;47.38973840921;381.0
8502128;Holderbank AG;8.16662236906;47.42864252973;355.0
8502160;Gränichen;8.09878988026;47.36166508225;411.0
8502161;Teufenthal AG;8.11447827548;47.32940914983;447.0
8502162;Unterkulm;8.11513345191;47.31012929252;463.0
8502163;Oberkulm;8.1219020457;47.30148688903;476.0
8502164;Gontenschwil;8.14445865463;47.28035419029;510.3
8502165;Zetzwil;8.1532503446;47.28222272823;509.1
8502166;Leimbach AG;8.16786689589;47.27271323223;519.0
8502167;Reinach AG Nord;8.18165445489;47.25706659059;523.2
8502168;Reinach AG;8.1845346613;47.25006233473;532.3
8502169;Menziken;8.18931877764;47.2409222172;547.4
8502174;Bleien Liebegg;8.11354569017;47.34352728668;427.0
8502176;Reinach AG Mitte;8.18339284404;47.25450709164;526.0
8502177;Schöftland Nordweg;8.051227413;47.31110727557;457.0
8502178;Obermuhen;8.05448031511;47.32940314761;435.0
8502179;Mittelmuhen;8.05431455999;47.33453095454;431.5
8502180;Muhen Nord;8.05267481284;47.34348656023;424.65
8502181;Oberentfelden Uerkenbrücke;8.04567290302;47.36107493756;412.0
8502182;Unterentfelden Oberdorf;8.04202111604;47.36473683896;414.0
8502183;Oberkulm Post;8.1197;47.30414;483.0
8502184;Gränichen Oberdorf;8.10648282188;47.35653884893;414.0
8502185;Bremgarten Isenlauf;8.3415255869;47.34606531934;385.95
8502186;Dietikon Stoffelbach;8.39895722047;47.39332505845;429.25
8502187;Rudolfstetten Hofacker;8.37695598729;47.36466872382;501.45
8502188;Zufikon Hammergut;8.35458862375;47.35595499023;446.46
8502189;Gränichen Töndler;8.09204400884;47.36399014918;406.0
8502191;Binzenhof;8.05058639165;47.38321166591;411.0
8502192;Distelberg;8.04936488719;47.37599554569;435.0
8502194;Oberentfelden Engelplatz;8.04662293806;47.35616788371;413.0
8502195;Muhen;8.0532653458;47.33878204668;428.2
8502196;Unterentfelden Post;8.04444875497;47.36867272799;414.0
8502197;Hirschthal;8.05282289778;47.31988672892;444.0
8502199;Schöftland;8.05001672412;47.30587863904;456.0
8502200;Ebikon;8.34235825617;47.08426271809;421.0
8502201;Gisikon-Root;8.39478852665;47.12132766777;421.0
8502202;Rotkreuz;8.4304952639;47.14176416724;429.0
8502203;Cham;8.45750476373;47.17824387742;418.0
8502204;Zug;8.51504934096;47.1737069777;425.0
8502205;Walchwil;8.51693439376;47.09868699552;449.444
8502206;Baar;8.52327153739;47.19536403758;444.0
8502208;Horgen Oberdorf;8.58981582093;47.25874981471;483.6
8502209;Oberrieden Dorf;8.57765278797;47.27673178899;460.1
8502211;Hendschiken;8.20738869937;47.38943108163;419.0
8502212;Dottikon-Dintikon;8.23471026607;47.37364655617;423.0
8502213;Wohlen AG;8.26979233871;47.34846403596;423.0
8502214;Boswil-Bünzen;8.31528358765;47.30518168343;446.0
8502215;Muri AG;8.33982072726;47.27666623022;459.0
8502216;Benzenschwil;8.36561689491;47.24685150441;458.0
8502217;Mühlau;8.38852402748;47.22501998721;445.0
8502218;Sins;8.397830915;47.18831423673;406.0
8502219;Oberrüti;8.40477945885;47.16592617213;403.0
8502220;Urdorf;8.43473069804;47.39088333691;442.0
8502221;Birmensdorf ZH;8.43755514081;47.357431375;488.0
8502222;Bonstetten-Wettswil;8.46819690043;47.32590133194;527.0
8502223;Hedingen;8.44596555338;47.29878522813;496.8
8502224;Affoltern am Albis;8.44659499502;47.27607036245;494.0
8502225;Mettmenstetten;8.45738217923;47.24407106507;461.0
8502226;Knonau;8.46673119008;47.22026434552;436.0
8502227;Steinhausen;8.47843655924;47.19458148021;424.0
8502229;Urdorf Weihermatt;8.43034251329;47.38096998248;456.2
8502230;Zug Chollermüli;8.48664570623;47.18023757777;418.0
8502231;Zug Oberwil;8.50994051687;47.1476836417;430.44
8502237;Lupfig;8.2149898571;47.44518418801;391.7
8502247;Birr;8.21766481836;47.43584669607;398.0
8502248;Bremgarten Obertor;8.34374932692;47.35056777063;386.12
8502268;Zufikon Belvédère;8.35927821466;47.35767500449;525.54
8502269;Erdmannlistein;8.31262093326;47.3493678443;445.1
8502270;Bergfrieden;8.39896102438;47.39746497083;412.5
8502271;Wohlen Oberdorf;8.28688663078;47.34685162282;433.0
8502272;Bremgarten West;8.33711091194;47.34569056577;401.5
8502273;Bremgarten;8.34648741256;47.35151771131;390.85
8502274;Zufikon;8.35467942804;47.35258270239;421.92
8502275;Widen Heinrüti;8.35487063387;47.36192527621;491.8
8502276;Berikon-Widen;8.36637059431;47.36192405884;549.92
8502277;Rudolfstetten;8.38153550812;47.36976256899;471.75
8502278;Reppischhof;8.39617331569;47.38400175961;429.4
8502300;Zug Postplatz;8.51693737657;47.16827568223;427.0
8502306;Hünenberg Chämleten;8.44990853795;47.1691594202;423.249
8502476;Vevey Vignerons;6.85282173365;46.46908300333;446.0
8503000;Zürich HB;8.5402123491;47.37817667424;407.7
8503001;Zürich Altstetten;8.48896264996;47.39148307309;398.9
8503003;Zürich Stadelhofen;8.54848908845;47.36660976672;409.7
8503004;Zürich Tiefenbrunnen;8.56138984971;47.35012468263;408.0
8503006;Zürich Oerlikon;8.54413990999;47.41153004121;441.7
8503007;Zürich Seebach;8.54466021551;47.41875004711;441.9
8503008;Zürich Affoltern;8.50858255772;47.42090894561;455.69
8503009;Zürich Wollishofen;8.53360101346;47.34744024477;409.3
8503010;Zürich Enge;8.53082057475;47.36409881803;409.0
8503011;Zürich Wiedikon;8.52348543973;47.37147722844;405.5
8503015;Zürich Wipkingen;8.52938237141;47.39303886877;424.6
8503016;Zürich Flughafen;8.56240182048;47.45038562991;413.0
8503020;Zürich Hardbrücke;8.51712620147;47.38519789152;405.0
8503051;Zürich Binz;8.51829736305;47.36276307408;421.6
8503052;Zürich Friesenberg;8.50750739155;47.3647994171;442.7
8503053;Zürich Schweighof;8.50353176389;47.36494152936;453.2
8503054;Zürich Triemli;8.49537993398;47.3649902469;480.2
8503055;Uitikon Waldegg;8.46592172744;47.36592215886;620.3
8503056;Ringlikon;8.47742770576;47.36029839402;684.3
8503057;Uetliberg;8.48755576067;47.35207436931;812.6
8503059;Zürich Stadelhofen, Bahnhof;8.54813000448;47.36635000002;409.7
8503060;Esslingen;8.70969000096;47.28786000186;486.0
8503061;Langwies ZH;8.69438999665;47.29605000203;526.2
8503062;Egg;8.68960999793;47.3014999935;545.4
8503063;Hinteregg;8.68433999934;47.30572999901;545.4
8503064;Scheuren;8.65954999748;47.32259999868;658.2
8503065;Forch;8.64796999397;47.3253400025;676.6
8503066;Zumikon;8.62380999814;47.33168999509;655.0
8503067;Zollikerberg;8.60339999613;47.34604999491;606.0
8503068;Maiacher;8.63107000145;47.32816999476;667.8
8503070;Emmat;8.7018300056;47.2923799957;516.3
8503072;Neuhaus bei Hinteregg;8.67402971;47.31278270891;599.3
8503075;Waltikon;8.61701999569;47.33678999989;639.6
8503077;Spital Zollikerberg;8.59679999891;47.34730999399;601.1
8503078;Waldburg;8.59301999965;47.3454699937;586.3
8503086;Zürich Brunau;8.52623535098;47.35164177903;422.4
8503087;Zürich Saalsporthalle;8.52196914528;47.35779536997;421.0
8503088;Zürich HB SZU;8.53935757275;47.37739265691;396.0
8503089;Wildpark-Höfli;8.53564889324;47.29654197451;460.8
8503090;Zürich Selnau;8.53172495488;47.37223834349;398.3
8503091;Zürich Giesshübel;8.52201633411;47.36261110252;418.2
8503093;Zürich Manegg;8.51975117912;47.33800891999;430.0
8503094;Zürich Leimbach;8.51856404602;47.33304432156;435.9
8503095;Sood-Oberleimbach;8.52151971545;47.31962241834;443.3
8503096;Adliswil;8.52425366798;47.31227447868;451.7
8503097;Langnau-Gattikon;8.54383396105;47.28730650812;468.2
8503098;Sihlwald;8.55750854775;47.26829377161;484.6
8503099;Sihlau;8.52516835662;47.30328855501;456.6
8503100;Zollikon;8.56974062583;47.33733459654;415.3
8503101;Küsnacht ZH;8.58063781685;47.31915662747;415.2
8503102;Erlenbach ZH;8.59152235725;47.30579195923;419.0
8503103;Herrliberg-Feldmeilen;8.61273342225;47.28182660109;423.3
8503104;Meilen;8.64431191101;47.26981115116;420.2
8503105;Uetikon;8.67878709851;47.25903013042;413.9
8503106;Männedorf;8.69234611716;47.2534240277;419.4
8503107;Stäfa;8.72165286994;47.24052719847;414.2
8503108;Uerikon;8.75262520306;47.23586077474;425.8
8503109;Feldbach;8.78349776635;47.23920356138;426.0
8503110;Rapperswil SG;8.8167448876;47.22488721233;408.6
8503111;Winkel am Zürichsee;8.5989883094;47.29720784526;425.2
8503112;Kempraten;8.81431096018;47.2383977283;419.4
8503113;Blumenau;8.84240509396;47.22367068253;413.8
8503115;Schmerikon;8.94338195257;47.22516013059;407.9
8503116;Uznach;8.98069081394;47.22428279615;410.3
8503117;Kaltbrunn;9.02243102403;47.21798320843;469.6
8503118;Benken SG;9.00865422185;47.20445814637;416.4
8503119;Schänis;9.04397616792;47.15765714577;420.8
8503120;Jona;8.83461805252;47.23097664153;425.2
8503121;Rüti ZH;8.85407946345;47.26048380431;481.8
8503122;Bubikon;8.82271483906;47.27084101316;509.2
8503123;Wetzikon ZH;8.79228973378;47.31803163152;531.6
8503124;Aathal;8.76562513535;47.33595913385;505.7
8503125;Uster;8.71870915949;47.35036900903;463.7
8503126;Nänikon-Greifensee;8.68641362315;47.36936291679;449.5
8503127;Schwerzenbach ZH;8.65867361489;47.38438582358;443.1
8503128;Dübendorf;8.62342174423;47.40008035996;439.9
8503129;Wallisellen;8.59192819967;47.41272308617;430.9
8503130;Hinwil;8.83971989441;47.30005695038;565.5
8503134;Bauma;8.87823304223;47.3688366369;639.3
8503135;Steg;8.93237176855;47.35385246491;694.8
8503136;Fischenthal;8.92329588574;47.33330268755;734.8
8503137;Gibswil;8.91551055853;47.31372010489;756.8
8503138;Wald ZH;8.91399975334;47.27269050457;617.4
8503139;Tann-Dürnten;8.85272272553;47.26837759228;516.1
8503141;Küsnacht Goldbach;8.57596418686;47.32685670593;417.3
8503147;Stettbach;8.59614477854;47.39721540797;431.5
8503200;Kilchberg ZH;8.54801640459;47.32443156963;424.1
8503201;Rüschlikon;8.55516265484;47.30713187462;433.0
8503202;Thalwil;8.56476944907;47.29598140719;435.1
8503203;Oberrieden;8.5784605877;47.27967632116;424.5
8503204;Horgen;8.59691699657;47.26148337462;408.7
8503205;Au ZH;8.64372590903;47.24681794444;409.9
8503206;Wädenswil;8.67521627099;47.22930727743;408.2
8503207;Richterswil;8.70748135504;47.20837499707;407.8
8503208;Bäch SZ;8.72717426861;47.20098164194;411.3
8503209;Pfäffikon SZ;8.77812981895;47.20299744314;411.9
8503210;Freienbach SBB;8.75621859973;47.20731070803;409.6
8503211;Altendorf;8.82290584821;47.19396706594;412.2
8503220;Lachen SZ;8.85271518942;47.19006843186;416.2
8503221;Siebnen-Wangen;8.90071360394;47.18267069742;433.1
8503222;Schübelbach-Buttikon;8.93878097396;47.1763898301;417.9
8503223;Reichenburg;8.98232264544;47.17269821762;419.9
8503224;Bilten;9.02991826857;47.15219293597;420.5
8503225;Ziegelbrücke;9.06005166998;47.1361559116;425.0
8503226;Nieder- und Oberurnen;9.0623937525;47.12236168865;428.0
8503227;Näfels-Mollis;9.06995693502;47.09871927369;437.6
8503228;Netstal;9.05943590574;47.06452902199;457.6
8503230;Glarus;9.07156641336;47.03992414361;471.7
8503231;Ennenda;9.07719380509;47.0329595432;477.9
8503232;Mitlödi;9.08121194009;47.01013161306;503.2
8503233;Schwanden GL;9.07746572383;46.99685224026;521.4
8503234;Nidfurn-Haslen;9.05927645697;46.98589452516;539.9
8503235;Leuggelbach;9.04694433718;46.9757428625;553.9
8503236;Luchsingen-Hätzingen;9.03902248684;46.96507069225;567.6
8503237;Diesbach-Betschwanden;9.02437338188;46.94618080687;596.8
8503238;Rüti GL;9.01303898247;46.93454597372;625.4
8503239;Linthal;8.99779486958;46.92556359069;648.0
8503240;Linthal Braunwaldbahn;9.00264326243;46.92831074866;644.471
8503280;Steinerberg;8.58527759304;47.05221228857;591.8
8503281;Sattel-Aegeri;8.62725202037;47.07986087931;771.62
8503282;Rothenthurm;8.67467329812;47.10579465186;923.0
8503283;Einsiedeln;8.74447774656;47.12858171888;880.8
8503284;Biberbrugg;8.72271471268;47.15637863866;829.53
8503285;Schindellegi-Feusisberg;8.70937781615;47.1764092843;754.82
8503286;Samstagern;8.68598711615;47.19155249251;628.55
8503287;Burghalden;8.69271907699;47.20867389937;529.32
8503288;Wollerau;8.72500984767;47.19543759072;504.51
8503289;Freienbach SOB;8.75939896054;47.20420368647;413.77
8503290;Biberegg;8.66944317767;47.09360991035;933.0
8503292;Altmatt;8.69614675957;47.13165202436;920.2
8503293;Grüenfeld;8.68728884259;47.19829526329;591.91
8503294;Riedmatt SZ;8.71210210165;47.19670534531;544.0
8503295;Wilen bei Wollerau;8.73433286443;47.19758432314;493.6
8503299;Hurden;8.80074572761;47.21414634564;408.0
8503300;Kempten;8.8047206925;47.33204311534;552.5
8503301;Pfäffikon ZH;8.78479969848;47.36708623787;547.5
8503302;Fehraltorf;8.75028811504;47.38512280521;531.3
8503303;Illnau;8.72272752143;47.40881918967;517.0
8503304;Kemptthal;8.70558624821;47.45283885429;469.2
8503305;Effretikon;8.68667914444;47.42581205992;509.6
8503306;Dietlikon;8.61927640456;47.42020206402;444.9
8503307;Bassersdorf;8.6262209443;47.43857056161;454.8
8503308;Kloten;8.58380969746;47.44860728558;446.6
8503309;Kloten Balsberg;8.57071849285;47.44229037024;440.1
8503310;Glattbrugg;8.55885414875;47.43082671564;431.4
8503311;Rümlang;8.5327673226;47.45406560882;429.6
8503312;Oberglatt ZH;8.51061883625;47.47020461159;430.2
8503313;Niederglatt ZH;8.50331557555;47.48747102013;424.3
8503314;Niederhasli;8.48870740845;47.47833088352;423.6
8503315;Dielsdorf;8.45944375321;47.4824205055;428.6
8503316;Steinmaur;8.44685777449;47.48998675875;450.7
8503317;Schöfflisdorf-Oberweningen;8.41181230231;47.49797136027;461.4
8503318;Niederweningen Dorf;8.38107348439;47.50591365395;452.5
8503319;Niederweningen;8.36963061177;47.51120059648;444.2
8503340;Opfikon;8.56179479491;47.42995484386;427.3
8503400;Bülach;8.5362091989;47.52394992294;427.5
8503401;Glattfelden;8.52405519018;47.54855798113;410.0
8503402;Eglisau;8.51655801586;47.57237454701;390.2
8503403;Hüntwangen-Wil;8.51284804974;47.58126889889;393.2
8503404;Rafz;8.54345141156;47.60379679513;423.5
8503405;Zweidlen;8.46791893705;47.57044815981;368.2
8503408;Rekingen AG;8.32712567861;47.5699713914;338.2
8503409;Bad Zurzach;8.29558779478;47.588313394;338.0
8503410;Rietheim;8.27732794608;47.60075009476;332.4
8503411;Koblenz Dorf;8.24016389696;47.60938608469;324.0
8503413;Kaiserstuhl AG;8.41916248796;47.56644670042;368.2
8503414;Mellikon;8.35251071538;47.5684846801;348.0
8503415;Rümikon AG;8.37366691787;47.56538384978;353.7
8503420;Lottstetten;8.56682293918;47.62573558159;448.3
8503421;Jestetten;8.57329995032;47.65440178176;437.9
8503423;Neuhausen;8.62493454562;47.68313341198;397.2
8503424;Schaffhausen;8.63275578013;47.69828151483;403.8
8503425;Feuerthalen;8.64596842886;47.69216947828;408.7
8503426;Langwiesen;8.66232019933;47.68345097024;408.7
8503427;Schlatt TG;8.68751082255;47.67949978636;404.2
8503428;Diessenhofen;8.75229939789;47.68546822383;412.9
8503429;Schlattingen;8.77043371755;47.66662433183;426.5
8503501;Döttingen;8.25636467328;47.5752698204;325.4
8503502;Siggenthal-Würenlingen;8.24065999621;47.52068999388;350.8
8503503;Turgi;8.25345864571;47.49175731954;341.7
8503504;Baden;8.30770947404;47.47642428463;385.1
8503505;Wettingen;8.31600617145;47.45963817594;388.3
8503506;Killwangen-Spreitenbach;8.3542140006;47.43332885838;393.15
8503508;Dietikon;8.40498818789;47.40578380658;388.3
8503509;Schlieren;8.44724506334;47.39917636825;392.6
8503511;Neuenhof;8.331255318;47.45066423311;389.1
8503512;Glanzenberg;8.4204418766;47.39887872507;389.175
8503525;Otelfingen Golfpark;8.40211345491;47.45582164361;422.1
8503526;Regensdorf-Watt;8.47208492696;47.4365635258;441.2
8503527;Buchs-Dällikon;8.43560174397;47.4534053118;424.2
8503528;Otelfingen;8.38753243209;47.45493620254;427.0
8503529;Würenlos;8.35766780632;47.44575947164;420.2
8504000;Pully-Nord;6.6579876066;46.5146814645;473.38
8504003;Bossière;6.69932176237;46.50974851439;524.17
8504007;Moreillon;6.78564542808;46.50839811667;657.24
8504010;La Conversion;6.67832359677;46.5130844975;501.042
8504011;Grandvaux;6.72265018612;46.49694824048;565.065
8504012;Puidoux;6.76568648465;46.49384122881;617.56
8504013;Chexbres-Village;6.77853779056;46.48105723605;559.646
8504014;Palézieux;6.83787527681;46.5427635936;668.75
8504015;Vevey-Funi;6.83544329034;46.46827670461;387.784
8504016;Palézieux-Village;6.82887452474;46.55711319979;633.8
8504017;Châtillens;6.81548152013;46.57053302434;601.96
8504018;Ecublens-Rue;6.81105498124;46.61043023975;585.1
8504020;Oron;6.837104144;46.57254560975;700.1
8504021;Vauderens;6.85003757732;46.62145538044;757.28
8504023;Romont FR;6.91181142012;46.69350826125;707.2
8504024;Villaz-St-Pierre;6.96064288147;46.72058040506;706.25
8504025;Chénens;7.00042964473;46.74921078899;722.02
8504026;Cottens FR;7.03479432111;46.75121262864;712.58
8504027;Neyruz FR;7.06502743208;46.7660490619;687.04
8504028;Rosé;7.06196862435;46.78263344945;667.62
8504029;Matran;7.09632859383;46.78893839522;642.57
8504030;Villars-sur-Glâne;7.11638562388;46.78982981877;639.72
8504040;Corseaux-Cornalles;6.82478080292;46.47045139365;419.939
8504060;Bossonnens;6.85324187226;46.52570379881;730.0
8504061;Remaufens;6.87651365613;46.52373911816;758.3
8504062;Châtel-St-Denis;6.89579575561;46.52780591642;807.6
8504063;Semsales;6.92692999639;46.57334999365;859.7
8504064;La Verrerie;6.92488000651;46.58751999562;835.9
8504065;Vaulruz-Sud;6.98997000092;46.61920999776;815.9
8504066;Vuadens-Sud;7.02017000447;46.61795999435;803.9
8504067;La Tour-de-Trême;7.06424000647;46.60853000023;746.2
8504070;Montbovon;7.04214049001;46.48542610357;797.2
8504071;Lessoc;7.052550004;46.50738000197;778.6
8504072;Albeuve;7.05542000318;46.51793000123;766.9
8504073;Neirivue;7.0615600054;46.52829000141;754.7
8504074;Villars-sous-Mont;7.07293999423;46.54379999476;739.0
8504075;Enney;7.08523999577;46.56540000092;713.2
8504077;Gruyères;7.07325000243;46.58260999348;746.2
8504078;Le Pâquier-Montbarry;7.05968999782;46.59468000241;731.4
8504079;La Tour-de-Trême Ronclina;7.06143999969;46.60561999722;750.4
8504086;Bulle;7.05300172867;46.61922510287;771.0
8504088;Broc-Village;7.09873999895;46.60405000135;720.1
8504100;Fribourg/Freiburg;7.15104688334;46.80314817219;629.33
8504101;Düdingen;7.18975321001;46.85105245535;595.77
8504102;Schmitten FR;7.25392039782;46.86294135799;606.35
8504103;Flamatt;7.31957081153;46.8884913573;552.68
8504104;Thörishaus Station;7.35702880474;46.90462573787;585.35
8504105;Niederwangen;7.3764635312;46.92550708002;568.5
8504106;Bern Bümpliz Süd;7.3952379525;46.93748747606;561.8
8504108;Bern Europaplatz;7.40611755507;46.94420983293;556.39
8504113;Wünnewil;7.28065414643;46.87186094451;588.17
8504115;Thörishaus Dorf;7.35186662436;46.89356923706;575.34
8504117;Oberwangen;7.36219565525;46.91457108569;575.24
8504120;Moudon;6.80250793901;46.66805734104;509.9
8504121;Lucens;6.84215023311;46.70777137452;493.16
8504122;Granges-Marnand;6.89428972893;46.75884492427;469.29
8504123;Corcelles-Nord;6.96029447415;46.83526211172;448.16
8504124;Dompierre FR;6.98536880348;46.85440276236;442.35
8504125;Domdidier;7.01138257529;46.86851205898;439.05
8504126;Avenches;7.04092532366;46.88460159768;437.75
8504127;Faoug;7.07454622978;46.90831034783;433.567
8504128;Murten/Morat;7.11528264747;46.92534669122;447.94
8504129;Galmiz;7.15320734383;46.95087062614;437.3
8504130;Yvonand;6.74668733336;46.80087548919;433.96
8504131;Cheyres;6.7863937067;46.8169458308;435.5
8504132;Estavayer-le-Lac;6.84296723341;46.84449884869;462.72
8504133;Cugy FR;6.88916458987;46.8160282792;468.94
8504134;Payerne;6.9398849232;46.81964995919;451.96
8504135;Corcelles-Sud;6.95719217694;46.82884737332;451.88
8504136;Cousset;6.97749113071;46.81860488057;484.334
8504137;Léchelles;7.01162700494;46.8284597333;551.723
8504138;Grolley;7.06605254437;46.83197884479;612.28
8504139;Belfaux CFF;7.10623013611;46.81692461026;612.88
8504140;Muntelier-Löwenberg;7.13326152062;46.93797415145;438.522
8504141;Henniez;6.87010587847;46.73500140628;475.86
8504144;Yverdon-Champ Pittet;6.66232011822;46.78214959368;433.546
8504181;Givisiez;7.12996152131;46.81675594803;615.5
8504182;Belfaux-Village;7.11023000315;46.82269999444;587.5
8504183;Pensier;7.13529000092;46.8416099987;551.1
8504184;Courtepin;7.12270999353;46.86711999651;576.3
8504185;Cressier FR;7.14971999811;46.90017999745;540.0
8504186;Münchenwiler-Courgevaux;7.1162299945;46.91089999963;481.5
8504191;Flamatt Dorf;7.31052000648;46.88990000219;532.1
8504192;Neuenegg;7.29986000009;46.89414000009;523.1
8504194;Laupen BE;7.24201523966;46.90129246338;491.142
8504200;Yverdon-les-Bains;6.64094400151;46.781545187;434.37
8504201;Grandson;6.6419437403;46.80628338339;435.59
8504203;Concise;6.72315740917;46.85088154379;429.5
8504204;Vaumarcus;6.75757922152;46.87764317369;446.56
8504205;Gorgier-St-Aubin;6.78102596556;46.89907614601;451.1
8504206;Bevaix;6.81168026788;46.92969622609;489.29
8504208;Boudry;6.83504762399;46.95945708724;491.37
8504209;Colombier NE;6.84886974332;46.96765238952;489.62
8504215;Travers;6.67656165588;46.94241153502;748.86
8504216;Noiraigue;6.72179914436;46.95491961213;727.9
8504217;Champ-du-Moulin;6.77498896578;46.95991175633;649.12
8504218;Bôle;6.83837449666;46.96942291834;542.3
8504219;Auvernier;6.87770804418;46.97964166886;492.23
8504220;Neuchâtel-Serrières;6.90336268357;46.98396232539;475.66
8504221;Neuchâtel;6.93570169412;46.99672679258;479.22
8504222;St-Blaise CFF;6.98211019495;47.01457594596;463.8
8504223;Cornaux NE;7.02336566239;47.03857203127;435.01
8504224;Cressier NE;7.03953207221;47.05195280517;435.7
8504225;Le Landeron;7.06633533378;47.05663638588;437.39
8504226;La Neuveville;7.09523241202;47.06283278736;433.32
8504227;Ligerz;7.13515714975;47.08376886202;433.64
8504228;Twann;7.15649750354;47.0936640656;433.8
8504229;Tüscherz;7.19731836547;47.11500775263;434.55
8504231;Les Deurres;6.89914842881;46.98552471177;509.63
8504232;Corcelles-Peseux;6.88381355417;46.98335097243;530.49
8504234;Chambrelien;6.81225676542;46.96710900774;684.74
8504236;Les Geneveys-sur-Coffrane;6.85321763217;47.01509638876;849.52
8504237;Les Hauts-Geneveys;6.87467312928;47.04717656312;953.88
8504284;La Presta Mines d'asphalte;6.6543614223;46.93109706129;729.0
8504285;Couvet;6.63529804831;46.92295854581;734.0
8504286;Môtiers NE;6.61022689725;46.91182209361;735.1
8504287;Fleurier;6.58131693222;46.90476157463;741.6
8504288;Buttes;6.55319500129;46.88834624694;769.1
8504291;La Brinaz;6.62021608837;46.79444902596;440.7
8504292;Valeyres-sous-Montagny;6.61133901842;46.7968230862;450.3
8504293;Essert-sous-Champvent;6.58015642214;46.79535565454;507.0
8504294;Vuiteboeuf;6.55374087334;46.80376241731;589.6
8504295;Baulmes;6.52428177918;46.78874869498;631.2
8504296;Six-Fontaines;6.49876860178;46.77422433178;705.1
8504298;Ste-Croix;6.50070486274;46.81943505542;1065.8
8504300;Biel/Bienne;7.24291060323;47.13289787087;437.08
8504301;Frinvillier-Taubenloch;7.25752927622;47.1694577966;554.921
8504302;Reuchenette-Péry;7.24702472889;47.18973910149;595.775
8504303;La Heutte;7.22539578099;47.18949180771;607.429
8504304;Sonceboz-Sombeval;7.16876357856;47.1951483572;653.328
8504305;Corgémont;7.14466145967;47.19339876797;660.15
8504306;Cortébert;7.10730920432;47.18933714819;677.43
8504307;Courtelary;7.06880326998;47.17563154332;700.84
8504308;Cormoret;7.05412356821;47.17294709934;710.41
8504309;Villeret;7.0196751732;47.16020368343;763.25
8504310;St-Imier;7.00122388741;47.15171108118;792.47
8504311;Sonvilier;6.96935277867;47.14134211866;835.8
8504312;Renan BE;6.92538209047;47.12572045675;907.22
8504314;La Chaux-de-Fonds;6.82598272105;47.09837435549;994.23
8504315;Le Crêt-du-Locle;6.78458129083;47.07723272269;1016.4
8504316;Le Locle;6.74615327632;47.05786104195;945.57
8504317;Le Locle-Col-des-Roches;6.72607086935;47.04988555627;915.43
8504321;La Chaux-de-Fonds Les Forges;6.81278026047;47.09133532321;1001.164
8504325;Colombier NE Littorail;6.86541904665;46.96587081706;440.0
8504381;La Chaux-de-Fonds-Grenier;6.83368279478;47.09975182018;1010.3
8504382;Le Reymond;6.84407240513;47.0870779473;1063.1
8504383;La Corbatière;6.83491925403;47.06955178122;1111.2
8504384;La Sagne-Eglise;6.81852014854;47.05089739405;1042.0
8504385;La Sagne;6.80208107226;47.03988674629;1027.2
8504386;Les Coeudres;6.78015812884;47.02285100169;1009.8
8504387;Petit-Martel;6.75518258076;47.01009266742;1006.5
8504388;Les Ponts-de-Martel;6.73527168184;46.99907835013;1005.4
8504391;Les Frêtes;6.72578795785;47.05857958939;932.5
8504392;Les Brenets;6.70738999802;47.06720999676;872.8
8504398;Neuchâtel Place Pury Littorail;6.92818815883;46.98941220475;435.0
8504400;Kerzers;7.19281016807;46.97507896332;442.83
8504401;Fräschels;7.20604006145;46.99912608813;440.8
8504402;Kallnach;7.23519647573;47.02552339072;444.96
8504403;Bargen BE;7.26118041111;47.04016166802;448.66
8504404;Aarberg;7.27869256566;47.04454127726;448.72
8504410;Zollikofen;7.46291119582;47.00182593545;559.999
8504411;Münchenbuchsee;7.45194766971;47.02137578562;553.67
8504412;Schüpfen;7.38600196021;47.04185959246;519.516
8504413;Suberg-Grossaffoltern;7.3390048549;47.05878211489;476.162
8504414;Lyss;7.30630154849;47.07632350395;444.481
8504415;Busswil BE;7.31862288564;47.098684851;437.589
8504416;Brügg BE;7.27822199136;47.1236395255;435.897
8504419;Biel Mett;7.27248725632;47.14472528389;442.758
8504441;Studen BE;7.30174956022;47.11043809549;436.0
8504461;Nidau;7.24218997142;47.12385145795;433.3
8504462;Lattrigen;7.21413020204;47.09631132534;455.0
8504463;Täuffelen;7.19855000115;47.06650999555;491.3
8504464;Hagneck;7.18807000415;47.05828000061;453.2
8504465;Lüscherz;7.17735000486;47.04802999771;445.7
8504466;Siselen-Finsterhennen;7.18039000589;47.03114999429;439.9
8504467;Brüttelen;7.1483000045;47.02060000006;446.6
8504468;Ins Dorf;7.10680999772;47.00558000062;476.1
8504469;Nidau Beunden;7.24031999956;47.11982000198;431.2
8504470;Ipsach Herdi;7.22893000113;47.1123700012;436.7
8504471;Ipsach;7.23547999392;47.11736999968;434.5
8504472;Sutz;7.21941999365;47.10186999635;448.9
8504474;Mörigen;7.21222999865;47.08564999631;479.6
8504475;Gerolfingen;7.20125000457;47.07497999792;501.8
8504480;St-Blaise-Lac;6.98468647064;47.01210430058;432.3
8504481;Marin-Epagnier;7.01059479053;47.00910688855;449.8
8504482;Gampelen;7.05644227051;47.00936362684;432.6
8504483;Ins;7.09956100561;46.99983140901;436.95
8504484;Müntschemier;7.14243887714;46.99332303561;435.6
8504486;Gümmenen;7.23440939756;46.9421821973;494.2
8504487;Rosshäusern;7.29686992927;46.93434177602;579.4
8504488;Riedbach;7.33404996475;46.94115430247;568.3
8504489;Bern Bümpliz Nord;7.38975568783;46.94582923829;555.35
8504490;Zihlbrücke;7.03057315632;47.00927707759;435.9
8504495;Bern Stöckacker;7.40117854444;46.94636031685;551.0
8504509;Neuchâtel Port-de-Serrières;6.90483085247;46.98088976263;432.8
8504510;Auvernier Littorail;6.87889217938;46.97424029731;432.0
8505000;Luzern;8.31018320694;47.0501778281;436.0
8505001;Meggen;8.38306144388;47.05014779582;472.0
8505002;Küssnacht am Rigi;8.43351745732;47.08359415523;457.0
8505003;Immensee;8.46267203624;47.09161865912;460.0
8505004;Arth-Goldau;8.54944630067;47.04904488343;510.0
8505005;Steinen;8.60744931426;47.04766863928;468.0
8505006;Schwyz;8.63215170839;47.02639719106;455.0
8505007;Brunnen;8.61006766101;46.99917491315;439.0
8505011;Merlischachen;8.40905814694;47.0676599844;465.0
8505018;Meggen Zentrum;8.37439305684;47.04519444666;469.0
8505111;Sisikon;8.62074872767;46.94925401458;446.0
8505112;Flüelen;8.62430265309;46.90173016547;436.0
8505113;Altdorf UR;8.63157541744;46.87573871329;447.0
8505114;Erstfeld;8.65045464023;46.82033940887;472.0
8505119;Göschenen;8.58880822548;46.66581493945;1106.0
8505163;Realp;8.50345851647;46.59862575941;1537.8
8505164;Hospental;8.57096435385;46.62108226606;1452.2
8505165;Andermatt;8.59328041694;46.63689008769;1435.9
8505170;Nätschen;8.60960018321;46.64219641322;1825.314
8505172;Oberalppass;8.67050236226;46.66023006058;2033.2
8505173;Tschamut-Selva;8.70908419369;46.65674442041;1701.3
8505174;Dieni;8.74286499978;46.66993163351;1455.4
8505175;Rueras;8.75490784354;46.6782276792;1447.0
8505176;Sedrun;8.76978098878;46.68106715124;1441.5
8505177;Bugnei;8.78646678543;46.68234743305;1438.7
8505178;Mumpé Tujetsch;8.82655852087;46.68211727821;1338.0
8505179;Segnas;8.82981823971;46.69099747487;1275.5
8505180;Acla da Fontauna;8.84579085043;46.69717382258;1201.6
8505201;Airolo;8.6086197556;46.52752595781;1142.0
8505202;Ambrì-Piotta;8.68992789884;46.51076379043;988.0
8505204;Faido;8.79071010682;46.48307550407;755.0
8505205;Lavorgo;8.83974741803;46.44090172515;615.0
8505207;Bodio TI;8.90656798528;46.38025452038;331.0
8505209;Biasca;8.97417921686;46.35198415242;293.0
8505212;Castione-Arbedo;9.04146180622;46.22292165315;240.7
8505213;Bellinzona;9.02951851227;46.19543179222;241.0
8505214;Giubiasco;9.00360008896;46.17381273155;230.0
8505216;Rivera-Bironico;8.92528619655;46.12397655315;471.0
8505217;Mezzovico;8.92859030457;46.09427595996;416.0
8505218;Taverne-Torricella;8.93033042594;46.05668555745;335.0
8505219;Lamone-Cadempino;8.9321250232;46.03971861509;318.0
8505226;Grindelwald Terminal;8.01710555135;46.62550800406;947.03
8505300;Lugano;8.94699530851;46.00550054993;335.0
8505301;Paradiso;8.94688975243;45.98937263979;302.0
8505302;Melide;8.94835919512;45.95571350206;274.0
8505303;Maroggia-Melano;8.97393980178;45.93243507653;279.0
8505304;Capolago-Riva S. Vitale;8.97890525715;45.90283729577;274.0
8505305;Mendrisio;8.97861091962;45.86910860805;328.0
8505306;Balerna;9.00503560941;45.8467450568;269.0
8505307;Chiasso;9.03144956231;45.83216802638;237.0
8505390;Serocca;8.90457000364;46.00851999697;286.0
8505391;Lugano FLP;8.94760000626;46.00449000232;334.1
8505392;Magliaso Paese;8.89058000477;45.98340999842;279.3
8505393;Cappella-Agnuzzo;8.92444999754;45.99325999358;341.3
8505394;Bioggio;8.90889000394;46.01210999848;292.4
8505395;Agno;8.90091999379;45.99592999526;273.2
8505396;Magliaso;8.88411999657;45.98163999784;289.8
8505397;Caslano;8.87629000197;45.97773999724;290.1
8505398;Ponte Tresa;8.8604800058;45.9699899954;275.6
8505399;Sorengo;8.93483000231;46.00038999392;349.8
8505400;Locarno;8.80136089926;46.17242018945;205.0
8505401;Tenero;8.85022618523;46.1774674587;203.0
8505402;Gordola;8.86577329008;46.17904027241;203.0
8505404;Cadenazzo;8.94169889979;46.15261998875;208.0
8505405;Quartino;8.88733121459;46.15129808925;202.0
8505406;Magadino-Vira;8.85018904333;46.1453157178;215.0
8505407;S. Nazzaro;8.80705868101;46.13515769042;211.4
8505408;Ranzo-S. Abbondio;8.77653770945;46.11699781419;220.0
8505410;Gerra (Gambarogno);8.7849697706;46.12204096048;222.4
8505412;Riazzino;8.88639737366;46.17533630316;201.0
8505415;S. Antonino;8.96952064604;46.15904913857;211.272
8505470;Locarno FART;8.80197163154;46.17274454267;205.0
8505471;Locarno S. Antonio;8.78630004651;46.16887490197;214.0
8505473;Ponte Brolla;8.75331000243;46.18563999897;254.5
8505491;Tegna;8.74263000367;46.18600999689;254.6
8505492;Verscio;8.72972000406;46.18457000008;274.2
8505493;Cavigliano;8.7214299987;46.18374000241;295.8
8505494;Intragna;8.70227000635;46.17765999615;338.4
8505495;Corcapolo;8.67513999456;46.16880999392;462.7
8505496;Verdasio;8.64919999683;46.16520999517;530.8
8505497;Palagnedra;8.63093999957;46.16118999504;543.4
8505498;Borgnone-Cadanza;8.62254;46.15853;713.0
8505499;Camedo;8.61100000279;46.15486999574;549.2
8505578;Zornasco;8.49081209186;46.12974978765;750.0
8505580;Re;8.53915152887;46.12725234182;677.0
8505581;S. Maria Maggiore;8.46072696595;46.13659358984;816.0
8505584;Malesco;8.49882430676;46.12922498122;760.0
8505585;Druogno;8.43342355946;46.13314905715;830.0
8505588;Creggio;8.32353627842;46.12349360572;400.0
8505589;Folsogno-Dissimo;8.55805977074;46.13423072797;659.0
8505590;Gagnone-Orcesco;8.41916833663;46.12837084104;825.0
8505592;Marone;8.37709277989;46.12319589662;670.0
8505593;Masera;8.32380206352;46.13190289779;297.0
8505594;Prestinone;8.47967988988;46.13291178914;782.0
8505597;Trontano;8.33400252886;46.1226913647;518.0
8505599;Verigo;8.35151679238;46.12174139493;591.0
8505861;Maccagno;8.73558497831;46.04540850518;218.0
8505862;Pino-Tronzano;8.73695159928;46.09892755522;220.0
8505874;Colmegna;8.75188301965;46.02476186249;210.0
8506000;Winterthur;8.72382105541;47.50033381048;438.9
8506001;Winterthur Grüze;8.75105520262;47.49875471417;452.1
8506002;Winterthur Seen;8.76681349078;47.48743541946;467.8
8506003;Sennhof-Kyburg;8.76034626042;47.46517688454;483.6
8506004;Kollbrunn;8.77401693565;47.45832420331;493.0
8506005;Rikon;8.79633214905;47.44500981891;512.5
8506006;Rämismühle-Zell;8.81913732453;47.44153899483;529.8
8506007;Turbenthal;8.84381988884;47.43738455438;550.2
8506008;Wila;8.84849088989;47.41777446992;569.2
8506009;Saland;8.85422136063;47.39421140869;600.8
8506010;Sirnach;9.00047425933;47.46199710409;549.4
8506011;Eschlikon TG;8.95853620191;47.46149105904;566.8
8506012;Guntershausen;8.91703210409;47.47412135576;546.2
8506013;Aadorf;8.90330135169;47.48811815648;527.6
8506014;Elgg;8.86341158621;47.49852908814;507.0
8506015;Räterschen;8.79501712952;47.49868192256;475.7
8506016;Oberwinterthur;8.76038919617;47.50792233251;457.0
8506017;Wiesendangen;8.77603800127;47.52554303728;470.0
8506018;Rickenbach-Attikon;8.78917503852;47.53535737474;471.8
8506019;Islikon;8.84619703019;47.54783491708;422.7
8506020;Seuzach;8.73888343051;47.53576697594;455.2
8506021;Dinhard;8.75298088739;47.55334514797;462.2
8506022;Thalheim-Altikon;8.75764323585;47.56962135086;445.9
8506023;Ossingen;8.72411655179;47.61461396496;427.5
8506024;Stammheim;8.78875014082;47.63488129531;433.2
8506025;Etzwilen;8.81861734532;47.66114467978;438.2
8506035;Schottikon;8.81171907242;47.50011749865;486.1
8506036;Reutlingen;8.75214807518;47.52965937847;454.3
8506038;Winterthur Wallrüti;8.76088216732;47.51672166355;457.8
8506039;Schloss Laufen am Rheinfall;8.61426904409;47.67656565237;389.0
8506041;Embrach-Rorbas;8.58706884873;47.52059024025;423.3
8506042;Pfungen;8.64663394225;47.51603840487;412.2
8506043;Winterthur Wülflingen;8.68092954434;47.50643584993;422.0
8506044;Winterthur Töss;8.70930994344;47.48980638411;435.2
8506045;Hettlingen;8.69483415306;47.54544144648;425.1
8506046;Henggart;8.68507523532;47.56425724373;433.6
8506047;Andelfingen;8.67800161121;47.59376618476;402.5
8506048;Marthalen;8.65606285065;47.63137974673;413.96
8506049;Dachsen;8.61382274063;47.66709049853;394.0
8506100;Frauenfeld;8.89655967341;47.55816340458;404.6
8506101;Felben-Wellhausen;8.9431748232;47.5771021273;398.8
8506102;Hüttlingen-Mettendorf;8.97455500758;47.58234363612;403.7
8506103;Müllheim-Wigoltingen;9.01552205517;47.58816457359;411.5
8506104;Märstetten;9.06219347751;47.58282055677;418.2
8506105;Weinfelden;9.10636822199;47.56622426324;429.3
8506106;Bürglen TG;9.14987658921;47.5490984287;439.7
8506107;Erlen;9.22620198059;47.5514602765;448.7
8506108;Oberaach;9.27106226685;47.55331937377;443.82
8506109;Amriswil;9.30222720093;47.55044972123;437.2
8506118;Triboltingen;9.10876054082;47.66289596058;401.3
8506119;Kurzrickenbach Seepark;9.19635937071;47.64308083612;403.6
8506121;Romanshorn;9.37937129226;47.56552286488;398.5
8506122;Uttwil;9.3397029742;47.58602380176;405.8
8506123;Kesswil;9.31742725076;47.59549777965;405.0
8506124;Güttingen;9.29224305111;47.60875297249;409.7
8506125;Altnau;9.26591795856;47.62136793232;409.0
8506126;Münsterlingen-Scherzingen;9.22701176471;47.63342663953;404.8
8506127;Bottighofen;9.21310411429;47.64070724443;405.15
8506128;Kreuzlingen Hafen;9.18198226764;47.64916395658;402.1
8506131;Kreuzlingen;9.16908041834;47.65255276655;403.3
8506132;Tägerwilen-Gottlieben;9.13297928203;47.65961479082;403.5
8506133;Ermatingen;9.08567252782;47.66999916789;402.1
8506134;Mannenbach-Salenstein;9.05280407791;47.67364947961;399.4
8506135;Berlingen;9.02202296306;47.67321378504;402.6
8506136;Steckborn;8.98103307719;47.66450457419;403.7
8506137;Mammern;8.91400063279;47.64416020056;411.7
8506138;Eschenz;8.87656172053;47.64541208383;417.2
8506139;Stein am Rhein;8.85502005429;47.65611096499;413.1
8506143;Münsterlingen Spital;9.23611687217;47.63204610329;404.9
8506148;St. Katharinental;8.73204004435;47.68756345631;414.4
8506168;Tägerschen;9.02479327434;47.50936387601;534.205
8506169;Wiesengrund;8.94875272001;47.50219286056;465.7
8506170;Münchwilen Pflegeheim;8.99194804999;47.48148904714;508.8
8506171;Frauenfeld Marktplatz;8.89872734757;47.55420159416;417.25
8506173;Weberei Matzingen;8.9219561221;47.52728984146;439.95
8506174;Matzingen;8.9327574406;47.52047441268;447.05
8506175;Jakobstal;8.94408984731;47.50828752204;460.75
8506176;Wängi;8.95328812945;47.49630838581;470.65
8506177;Rosental;8.97515234165;47.49234229795;485.65
8506178;Münchwilen TG;8.99921721383;47.47690891894;515.4
8506179;Lüdem;8.90244616768;47.54188179731;424.0
8506181;Bronschhofen;9.03467787496;47.47544437919;566.317
8506182;Bettwiesen;9.02077963331;47.49862133116;545.96
8506183;Tobel-Affeltrangen;9.03370938358;47.52130135183;511.064
8506184;Märwil;9.0692390399;47.5331306908;505.886
8506185;Oppikon;9.06210341128;47.55206426159;488.195
8506188;Bronschhofen AMP;9.03092805218;47.48126713289;556.105
8506190;Bussnang;9.08416306615;47.55608405276;444.113
8506193;Kehlhof;9.16977940584;47.57218719079;508.358
8506194;Berg;9.17452773887;47.58225000417;554.015
8506195;Siegershausen;9.16826001807;47.61091699724;545.794
8506196;Lengwil;9.19028316548;47.6255977643;508.47
8506197;Kreuzlingen Bernrain;9.16320412695;47.64211449786;461.319
8506198;Tägerwilen Dorf;9.13955959957;47.6537211754;416.2
8506200;Wattwil;9.08648237238;47.29947726415;613.6
8506201;Lichtensteig;9.08318877166;47.31969658645;615.5
8506202;Dietfurt;9.07832028969;47.34455188312;610.9
8506203;Bütschwil;9.07515106362;47.35959125216;610.8
8506204;Lütisburg;9.07110049465;47.38482629656;599.207
8506205;Bazenheid;9.06905980245;47.41012653735;597.3
8506206;Wil SG;9.04099305047;47.46241324276;570.8
8506208;Uzwil;9.1309918193;47.43644399909;563.8
8506209;Flawil;9.18978559141;47.41518938375;610.7
8506210;Gossau SG;9.25305069333;47.41183157856;637.9
8506211;Arnegg;9.25202500196;47.44200164728;621.23
8506212;Hauptwil;9.2515915338;47.47686659344;561.5
8506213;Bischofszell Stadt;9.24147856207;47.49214090872;506.35
8506214;Sitterdorf;9.24899690821;47.5052184469;485.12
8506215;Bischofszell Nord;9.23403527651;47.50041521494;476.3
8506216;Kradolf;9.20157506049;47.52472243742;456.5
8506217;Sulgen;9.18369443891;47.53880402553;449.2
8506270;St. Gallen Marktplatz;9.37672698881;47.42636247819;668.0
8506271;Gontenbad;9.37243690816;47.33166360934;886.8
8506275;Steinegg;9.43078567256;47.32011135915;800.5
8506276;Strahlholz;9.43186429663;47.36655307987;875.7
8506277;Schwende;9.43558806552;47.30005262453;838.6
8506278;Seebleiche;9.51699126812;47.47737009953;417.25
8506280;Herisau Wilen;9.27925620557;47.37567821811;758.8
8506281;Waldstatt;9.28610992275;47.35751465129;813.6
8506282;Zürchersmühle;9.29282385827;47.3301798057;807.4
8506283;Urnäsch;9.28546301968;47.31783095248;823.7
8506284;Jakobsbad;9.32817511877;47.32007866226;873.25
8506285;Gonten;9.34732850087;47.32817888789;899.6
8506286;Appenzell;9.40952979938;47.32853478004;785.8
8506288;Weissbad;9.43570140352;47.31044491483;816.5
8506289;Wasserauen;9.42861497161;47.2855607497;868.65
8506290;Herisau;9.27681223562;47.39016520867;744.75
8506291;Schachen (Herisau);9.24320213894;47.38513574256;788.7
8506292;Degersheim;9.20011957075;47.37257810176;798.7
8506293;Mogelsberg;9.1420293335;47.36372793069;714.7
8506294;Brunnadern-Neckertal;9.13059538196;47.33782748622;654.4
8506297;Ebnat-Kappel;9.12098748225;47.26366641072;630.0
8506298;Krummenau;9.1681546902;47.24883505756;713.0
8506299;Nesslau-Neu St. Johann;9.19756603921;47.22682621715;758.5
8506300;St. Gallen Winkeln;9.30086029135;47.40392941107;654.7
8506301;St. Gallen Bruggen;9.32965492815;47.40720285208;651.6
8506302;St. Gallen;9.36989666272;47.42317894991;669.6
8506303;St. Gallen St. Fiden;9.39344380222;47.43454038248;645.5
8506304;Mörschwil;9.41438354158;47.47477145736;542.4
8506305;Goldach;9.46699692736;47.47379815016;447.3
8506306;Rorschach Hafen;9.49292329362;47.47858991839;397.9
8506307;Horn;9.46338788334;47.49317998029;402.5
8506308;Arbon;9.43335858262;47.51058773299;398.7
8506309;Egnach;9.3830174841;47.54399130384;400.9
8506311;Rorschach;9.5051412874;47.47800197544;399.0
8506312;Staad SG;9.53552881334;47.48068852574;402.1
8506313;Rheineck;9.59091263503;47.46688593391;399.9
8506314;St. Margrethen SG;9.63826192024;47.45321599374;402.1
8506316;Au SG;9.64125910752;47.43611582046;405.0
8506317;Heerbrugg;9.6272488282;47.41039250659;405.6
8506318;Rebstein-Marbach;9.58675409445;47.39264002117;409.8
8506319;Altstätten SG;9.55651988356;47.37423480708;429.7
8506322;Rorschach Stadt;9.48936370848;47.47559232617;413.2
8506350;Walzenhausen;9.60135321138;47.45126762552;660.7
8506351;Ruderbach;9.59516309646;47.46158887796;402.65
8506352;Wartensee;9.5336150188;47.47176130253;546.1
8506353;Wienacht-Tobel;9.54067015762;47.46623821329;615.7
8506354;Schwendi bei Heiden;9.53065115348;47.45946972524;669.9
8506355;Heiden;9.53648870616;47.44599774493;790.95
8506358;St. Gallen Spisertor;9.37962508364;47.4247311876;667.8
8506359;St. Gallen Schülerhaus;9.38742086388;47.42500738909;695.7
8506361;St. Gallen Notkersegg;9.40403882058;47.42522807956;783.9
8506362;Schwarzer Bären;9.41536910826;47.42258878707;850.2
8506364;Vögelinsegg;9.43638893312;47.41609019138;943.7
8506365;Schützengarten;9.43825391293;47.41272383084;935.45
8506366;Speicher;9.4427148624;47.4109989327;926.2
8506367;Bendlehn;9.45051000044;47.406956867;926.6
8506368;Gfeld;9.45575878004;47.40503205887;912.8
8506369;Trogen;9.46141375435;47.40726451872;915.4
8506371;St. Gallen Riethüsli;9.36727138779;47.41137989866;748.75
8506372;Lustmühle;9.35915115543;47.40033604061;770.8
8506373;Niederteufen;9.36761450542;47.39221009038;830.9
8506374;Sternen bei Teufen;9.37483175793;47.38948606138;831.75
8506375;Teufen AR;9.38979624746;47.39044761743;833.6
8506376;Steigbach;9.40491015596;47.37701525269;812.15
8506377;Bühler;9.42109131824;47.37297497602;824.9
8506378;Gais;9.45115444121;47.36092357278;915.25
8506379;Altstätten Stadt;9.53749174071;47.37683615431;465.7
8506380;Hirschberg;9.42285686815;47.33138255035;820.15
8506381;Sammelplatz;9.43244953291;47.34827152233;928.55
8506382;Zweibrücken;9.44441793125;47.36016245986;907.8
8506383;Hebrig;9.46482871525;47.36214953019;970.1
8506384;Schachen (Gais);9.47736411085;47.36155053912;960.6
8506385;Rietli;9.48713004052;47.3606992956;945.5
8506386;Stoss AR;9.49511843028;47.36079009541;942.75
8506387;Kreuzstrasse;9.5052375488;47.36562343707;820.0
8506388;Warmesberg;9.51322056716;47.36534372294;724.8
8506389;Alter Zoll;9.52203865106;47.36858086035;615.15
8506392;St. Gallen Haggen;9.33814644334;47.40775703237;676.5
8506393;Wittenbach;9.3885482761;47.46284902117;603.5
8506394;Roggwil-Berg;9.39202280327;47.48559031017;560.2
8506395;Häggenschwil-Winden;9.3587225775;47.50386331928;512.1
8506396;Muolen;9.33709297806;47.51762435933;478.9
8506397;Steinebrunn;9.34985854135;47.53153294113;448.1
8506398;Neukirch-Egnach;9.37585331411;47.5387980998;412.0
8506400;Sandbüchel;9.52166897805;47.47536586008;454.9
8506470;Teufen AR Stofel;9.37998433903;47.39099921329;836.25
8507000;Bern;7.43913088992;46.94883229051;540.2
8507002;Ostermundigen;7.48149788168;46.95680242646;557.954
8507003;Gümligen;7.50550479629;46.9343219188;561.496
8507005;Rubigen;7.54536836042;46.89916973799;549.016
8507006;Münsingen;7.55944239602;46.87335414995;530.587
8507007;Wichtrach;7.56885580683;46.84161208607;530.889
8507008;Kiesen;7.5755012849;46.8189438231;539.03
8507009;Uttigen;7.58263043754;46.79431051787;545.176
8507063;Worb Dorf;7.56247000137;46.92997999993;581.8
8507064;Vechigen;7.55640080867;46.9464356381;581.7
8507065;Boll-Utzigen;7.54677286673;46.9530205355;561.0
8507066;Stettlen;7.524099998;46.95681999739;551.9
8507067;Deisswil;7.51326853887;46.95822821578;549.0
8507068;Bolligen;7.49742000217;46.96953999765;539.2
8507069;Ittigen bei Bern;7.48413000646;46.97330999909;526.3
8507070;Uetendorf;7.57284692281;46.7749241902;553.8
8507071;Seftigen;7.5402889299;46.78684668919;578.1
8507072;Burgistein;7.52122672531;46.78943768493;566.7
8507073;Thurnen;7.51387770203;46.81356097559;549.0
8507074;Kaufdorf;7.50185670291;46.83788683247;534.2
8507075;Toffen;7.49603327961;46.85847127982;527.3
8507076;Belp;7.49863571343;46.88888326685;522.6
8507077;Kehrsatz;7.47236023762;46.90882299249;570.0
8507078;Wabern bei Bern;7.44588875523;46.92866277718;559.7
8507079;Bern Weissenbühl;7.43001881112;46.93577935628;550.1
8507082;Bern  Europaplatz;7.40746951928;46.94344638515;546.2
8507083;Köniz;7.4149120576;46.92460655559;571.786
8507084;Moos;7.40102637084;46.90998593904;627.793
8507085;Gasel;7.40069191182;46.9009280133;649.507
8507086;Niederscherli;7.38807012176;46.88643697909;655.664
8507087;Mittelhäusern;7.36772084355;46.87640211376;668.645
8507088;Lanzenhäusern;7.34706898115;46.84193113528;741.037
8507089;Schwarzenburg;7.34256155547;46.81910977833;791.799
8507091;Liebefeld;7.41898786959;46.93001116123;562.782
8507092;Belp Steinbach;7.49309180319;46.89516463408;525.3
8507093;Kehrsatz Nord;7.46610906448;46.91583636835;566.8
8507094;Uetendorf Allmend;7.59488399227;46.77312117931;555.5
8507095;Schwarzwasserbrücke;7.36237505488;46.86279414458;645.532
8507096;Papiermühle;7.47658551009;46.97425730893;520.9
8507100;Thun;7.62960582867;46.75485273061;559.75
8507270;Gruben;7.28012999758;46.49053999643;1141.0
8507271;Schönried;7.29109999409;46.50453999896;1230.9
8507272;Saanenmöser;7.31172000155;46.51760999702;1271.2
8507273;Oeschseite;7.3522899959;46.53136999855;1150.8
8507274;Blankenburg;7.38532000532;46.54109999553;957.7
8507275;Stöckli;7.38839999438;46.51680999852;967.7
8507276;St. Stephan;7.40051999556;46.50512999479;993.6
8507277;Matten i.S.;7.42163999847;46.49370999572;1023.4
8507278;Boden;7.43537999785;46.47077000188;1036.7
8507279;Lenk im Simmental;7.44351999363;46.4585799993;1068.6
8507281;Grubenwald;7.38296877947;46.57981057435;910.1
8507284;Enge im Simmental;7.41762444441;46.64753323789;814.5
8507286;Ringoldingen;7.52457394915;46.65755860028;712.1
8507287;Burgholz;7.60322933488;46.66575114057;645.3
8507288;Eifeld;7.64227313036;46.6838687553;624.5
8507290;Zweisimmen;7.37486190719;46.55348255134;941.6
8507291;Weissenbach;7.37429580948;46.60356559483;842.8
8507292;Boltigen;7.39007365616;46.62736825554;814.3
8507293;Oberwil im Simmental;7.43548334739;46.65613562852;781.8
8507294;Weissenburg;7.47592043324;46.65929523623;781.9
8507295;Därstetten;7.4956915095;46.6587187562;757.8
8507296;Erlenbach im Simmental;7.55523519614;46.65909177833;681.4
8507297;Oey-Diemtigen;7.57915212949;46.65988776865;669.9
8507298;Wimmis;7.6355974518;46.67572219595;627.7
8507299;Lattigen bei Spiez;7.65026894498;46.69114124418;626.3
8507378;Grütschalp;7.89087366856;46.59651556446;1481.0
8507379;Mürren BLM;7.89724173424;46.56410551695;1639.0
8507380;Grindelwald;8.03331000504;46.62435999527;1034.6
8507381;Schwendi bei Grindelwald;8.00307000236;46.63047000026;919.4
8507382;Burglauenen;7.97533000304;46.63590999917;896.4
8507383;Lütschental;7.94898999822;46.63709999433;713.0
8507384;Lauterbrunnen;7.90809000214;46.59842999975;796.0
8507388;Wilderswil;7.86947000551;46.6656999987;584.1
8507389;Zweilütschinen;7.89969999842;46.63269999574;651.7
8507471;Eggerberg;7.88103271919;46.30654629814;850.9
8507472;Ausserberg;7.8441670281;46.31234824496;991.3
8507473;Hohtenn;7.76408688742;46.32245880494;1078.0
8507474;Goppenstein;7.75492126836;46.36770714813;1216.95
8507475;Kandersteg;7.6714125588;46.49539665055;1176.0
8507478;Frutigen;7.65141831454;46.58890754282;779.52
8507480;Reichenbach im Kandertal;7.69006267569;46.62512156009;706.36
8507481;Mülenen;7.69131664681;46.63802803847;692.3
8507483;Spiez;7.6801030578;46.68639566836;627.82
8507492;Interlaken Ost;7.86900000435;46.6904999962;567.3
8507493;Interlaken West;7.8514531376;46.68262798037;563.35
8507560;Winteregg;7.89604778029;46.58180491091;1578.0
8508001;Schönbühl SBB;7.49892786502;47.01894216936;527.877
8508003;Hindelbank;7.54541060076;47.04956376077;516.478
8508004;Lyssach;7.58132358183;47.06376091546;517.366
8508005;Burgdorf;7.62169447355;47.0607007264;533.0
8508006;Wynigen;7.6635068635;47.10517483139;528.0
8508008;Herzogenbuchsee;7.70095826853;47.18808612827;464.0
8508051;Bern Felsenau;7.44424999405;46.96849999566;528.8
8508052;Bern Tiefenau;7.45019999681;46.97273999782;531.7
8508053;Steinibach;7.45740186432;46.98441739695;529.0
8508054;Worblaufen;7.45763000019;46.97883999853;520.2
8508055;Unterzollikofen;7.45700991104;46.99173048304;543.1
8508056;Moosseedorf;7.48484999391;47.01614000097;530.1
8508057;Schönbühl RBS;7.49780999929;47.02047999825;525.6
8508058;Urtenen;7.50064999877;47.02888999985;528.9
8508059;Jegenstorf;7.50777999617;47.04760999401;522.2
8508060;Grafenried;7.51160999717;47.08012000054;517.3
8508061;Fraubrunnen;7.52221594389;47.08658155127;496.0
8508062;Büren zum Hof;7.51880999629;47.09594999395;505.8
8508063;Schalunen;7.52417000108;47.11016000161;501.3
8508064;Bätterkinden;7.53440000642;47.13001999473;472.4
8508066;Lohn-Lüterkofen;7.52695999344;47.16299000154;464.1
8508068;Biberist RBS;7.55583057208;47.1838600066;458.3
8508070;Oberzollikofen;7.46162999571;46.99694999429;557.6
8508071;Schönbühl Shoppyland;7.49362999456;47.01861999569;526.7
8508080;Oberburg;7.6293428672;47.03960954325;546.85
8508081;Burgdorf Steinhof;7.61953942949;47.05119989378;544.4
8508083;Burgdorf Buchmatt;7.60827597482;47.06545797085;525.05
8508084;Kirchberg-Alchenflüh;7.58106589855;47.08290098078;509.0
8508085;Aefligen;7.55925321768;47.09559351074;496.9
8508086;Utzenstorf;7.55362761912;47.12953715;474.45
8508087;Wiler;7.5559333442;47.15229701952;463.05
8508088;Gerlafingen;7.56528939033;47.17056294685;451.85
8508089;Biberist Ost;7.56619090812;47.18060191899;446.55
8508100;Langenthal;7.78471513555;47.2173028715;472.0
8508101;Roggwil-Wynau;7.81491637783;47.25163965189;432.0
8508102;Murgenthal;7.8321059408;47.26538126992;414.0
8508103;Rothrist;7.87939646804;47.30645567946;407.0
8508151;Langenthal Gaswerk;7.7821799997;47.22480000138;463.8
8508152;Hard-Mumenthal;7.77487999964;47.23380999522;458.1
8508153;Aarwangen;7.76961920518;47.24087528996;435.0
8508154;Aarwangen Schloss;7.76362000227;47.24518000242;414.1
8508155;Bannwil;7.74036000191;47.24437999824;451.8
8508157;Holzhäusern;7.71040000047;47.25815999863;461.4
8508158;Scharnageln;7.7007899965;47.26309999597;460.4
8508159;Niederbipp Dorf;7.69514000126;47.26581999845;461.9
8508161;Kaltenherberg;7.79959000261;47.23717999743;451.9
8508162;Roggwil Dorf;7.82234000247;47.2393399989;452.3
8508163;St. Urban;7.83581696547;47.23175054988;446.9
8508164;St. Urban Ziegelei;7.83614895163;47.22719869651;449.7
8508168;Roggwil Buchägerten;7.83194000266;47.23565999694;450.9
8508173;Roggwil Schmitten;7.81592000307;47.23761999634;455.0
8508174;Gutenburg;7.79329129549;47.18179092675;511.61
8508181;Langenthal Süd;7.78019223143;47.20533807861;483.22
8508182;Lotzwil;7.78858905233;47.1894936762;502.2
8508183;Madiswil;7.79579323113;47.16704915355;533.96
8508184;Lindenholz;7.79046925437;47.15456317679;545.24
8508185;Kleindietwil;7.79097469134;47.146307918;558.14
8508186;Rohrbach;7.81347419328;47.13726345521;583.46
8508187;Huttwil;7.84260766282;47.11449004192;637.75
8508193;Aarwangen Vorstadt;7.77131000119;47.23748999384;436.0
8508200;Worb SBB;7.56485160662;46.91522998631;607.37
8508201;Tägertschi;7.5808365696;46.88228633356;644.36
8508202;Konolfingen;7.6213670273;46.88070241892;663.0
8508203;Zäziwil;7.66288211121;46.89975231198;680.0
8508204;Bowil;7.69805352593;46.90004819359;706.0
8508205;Signau;7.72546316968;46.91963508315;684.0
8508206;Emmenmatt;7.74729483357;46.94815408468;650.0
8508207;Langnau i.E.;7.78419743448;46.93924227873;673.0
8508208;Trubschachen;7.84614196442;46.92169995858;732.0
8508210;Escholzmatt;7.93637795766;46.9153482314;853.0
8508211;Schüpfheim;8.01515058924;46.9506473599;716.0
8508212;Hasle LU;8.04698175204;46.97815166319;695.0
8508213;Entlebuch;8.06236432888;46.99369335594;684.0
8508215;Wolhusen;8.0797541053;47.05548792991;565.0
8508216;Werthenstein;8.10186324196;47.05702513521;553.0
8508217;Schachen LU;8.14325892543;47.03797339718;518.0
8508218;Malters;8.18197195178;47.03858422129;496.0
8508219;Luzern Littau;8.25711396709;47.05306432011;456.0
8508250;Schwäbis;7.61928460179;46.76267036316;556.7
8508251;Steffisburg;7.61516056376;46.77300002002;563.25
8508252;Lädeli;7.60903167052;46.7816136438;553.05
8508253;Heimberg;7.60613070754;46.7908736829;552.1
8508254;Brenzikofen;7.61074516003;46.81834475609;577.25
8508255;Oberdiessbach;7.61780934473;46.83926253611;604.65
8508256;Stalden i.E.;7.62286900031;46.8708933013;654.15
8508260;Grosshöchstetten;7.63491888331;46.90463136315;742.9
8508261;Biglen;7.62670288412;46.92461739245;739.05
8508262;Walkringen;7.61889017344;46.9475370071;690.8
8508263;Bigenthal;7.62337471465;46.965398135;675.35
8508264;Schafhausen i.E.;7.65675663838;46.9944673933;605.95
8508265;Hasle-Rüegsau;7.65532241985;47.01626278664;571.2
8508266;Lützelflüh-Goldbach;7.68227424956;47.00502149057;582.45
8508267;Ramsei;7.70993011037;46.99687699751;600.1
8508268;Zollbrück;7.74130056065;46.9757165901;624.85
8508269;Neumühle;7.74936635279;46.96564696992;633.7
8508271;Grünenmatt;7.72390423295;47.00840034002;623.8
8508272;Sumiswald-Grünen;7.73715325665;47.02544334625;662.4
8508292;Hüswil;7.90586295259;47.12857430435;612.61
8508293;Zell LU;7.92638197003;47.13675415754;588.3
8508294;Gettnau;7.97014012587;47.14009443361;545.05
8508295;Willisau;7.99671805022;47.122720681;554.48
8508297;Menznau;8.04088738522;47.08342723667;596.06
8508301;Ringgenberg;7.89982544778;46.70386125935;595.87
8508302;Niederried;7.92868412087;46.71643096931;578.32
8508303;Oberried am Brienzersee;7.95892631977;46.7365577609;588.89
8508304;Ebligen;7.99003698893;46.75262416277;582.0
8508305;Brienz;8.03894632985;46.75484373697;565.95
8508306;Brienzwiler;8.09069606082;46.74545227096;574.0
8508308;Meiringen;8.18425121495;46.72733215375;595.22
8508309;Brünig-Hasliberg;8.13865406129;46.75776257158;1001.97
8508310;Lungern;8.16356472878;46.78635283223;751.85
8508311;Kaiserstuhl OW;8.17552469217;46.81436654594;698.0
8508312;Giswil;8.18631769163;46.8365344001;485.0
8508313;Sachseln;8.23830577823;46.87096236495;471.0
8508314;Sarnen;8.24749935852;46.89460627393;473.0
8508316;Alpnach Dorf;8.27534492811;46.9405906483;451.6
8508317;Alpnachstad;8.27784827202;46.95504152745;434.9
8508318;Hergiswil NW;8.31018280227;46.98261792837;448.86
8508319;Horw;8.306992215;47.01748015688;441.42
8508320;Hergiswil Matt;8.31259294563;46.9940761364;444.7
8508321;Luzern Allmend/Messe;8.30323743966;47.03506817992;444.0
8508323;Sarnen Nord;8.24912588173;46.90018398365;468.0
8508327;Ewil Maxon;8.21859636876;46.86068774987;474.0
8508329;Brienz West;8.02037664339;46.7573122777;581.16
8508359;Innertkirchen Kraftwerk (Bahn);8.23250916747;46.70226129106;633.33
8508384;Niederrickenbach Station;8.3959358366;46.92812370192;495.9
8508390;Stansstad;8.3366391332;46.97627005198;436.0
8508391;Stans;8.36658044639;46.95839692459;450.7
8508392;Dallenwil;8.39196255118;46.9337806567;485.3
8508394;Wolfenschiessen;8.39479782106;46.90782264246;511.2
8508395;Innertkirchen Grimseltor;8.22959307024;46.70557595487;626.34
8508396;Grafenort;8.37242375689;46.87059717596;567.0
8508399;Engelberg;8.40298012584;46.81951711005;999.4
8509000;Chur;9.52893773304;46.85308416278;584.6
8509002;Landquart;9.55404469208;46.96744042837;523.6
8509003;Maienfeld;9.52921608969;47.00384055333;503.6
8509004;Bad Ragaz;9.50522497811;47.01030947812;502.1
8509006;Chur Wiesental;9.5314575124;46.86191091461;577.1
8509050;Chur West;9.51247868306;46.84994174522;577.7
8509051;Haldenstein;9.53308566007;46.87695956406;562.6
8509053;Untervaz-Trimmis;9.55917000023;46.91897999545;536.9
8509054;Zizers;9.55958999371;46.9348400002;530.9
8509055;Igis;9.56475999486;46.94982999675;523.2
8509056;Landquart Ried;9.56086999745;46.95719999743;521.3
8509057;Malans GR;9.57372000014;46.97764999697;536.1
8509058;Seewis-Pardisla;9.63254000504;46.97689000217;593.0
8509059;Grüsch;9.64578000516;46.98048999895;629.3
8509060;Schiers;9.68803886217;46.96802466257;654.08
8509061;Furna;9.70895000427;46.93977999974;715.9
8509062;Jenaz;9.71831999439;46.9297500025;723.0
8509063;Fideris;9.73376000172;46.92237000214;743.3
8509064;Küblis;9.77183999848;46.91427999794;809.9
8509065;Saas im Prättigau;9.80994999629;46.9076499944;935.6
8509067;Klosters Dorf;9.87533000513;46.88346999895;1124.3
8509068;Klosters Platz;9.88093999484;46.86921000074;1191.0
8509069;Cavadürli;9.86802999532;46.87040000202;1351.0
8509070;Davos Laret;9.87339430204;46.84819593642;1521.6
8509071;Davos Wolfgang;9.85454999332;46.83195999558;1625.0
8509072;Davos Dorf;9.84210999784;46.80972000044;1559.8
8509073;Davos Platz;9.82073000458;46.79146999373;1540.4
8509075;Davos Frauenkirch;9.79924999382;46.76659999695;1504.8
8509076;Davos Glaris;9.77992999436;46.74556999912;1454.5
8509077;Davos Monstein;9.76000999675;46.71591000208;1346.9
8509078;Davos Wiesen;9.7158400019;46.69548999782;1196.8
8509095;Klosters Selfranga;9.88424999733;46.85578999677;1280.2
8509150;Chur Altstadt;9.5317301563;46.84741598327;595.4
8509152;Lüen-Castiel;9.61334000084;46.83170999559;936.8
8509153;St. Peter-Molinis;9.65384999333;46.82914999443;1156.7
8509154;Peist;9.67162999625;46.82949999813;1243.0
8509155;Langwies GR;9.70713999387;46.81932999897;1316.2
8509156;Litzirüti;9.7032699946;46.7979499937;1450.1
8509157;Arosa;9.67932999786;46.78328999668;1738.2
8509167;Trin;9.35952000542;46.81656999828;608.8
8509168;Versam-Safien;9.31029999497;46.80737999911;635.3
8509169;Valendas-Sagogn;9.2754599971;46.7917900009;668.7
8509170;Castrisch;9.23307999347;46.77848999515;705.4
8509171;Ilanz;9.20743999658;46.77534999749;698.6
8509173;Rueun;9.145609999;46.77469000105;732.7
8509174;Waltensburg/Vuorz;9.12015000546;46.76955999489;744.2
8509175;Tavanasa-Breil/Brigels;9.0624299982;46.75475999718;787.9
8509176;Trun;8.99044000229;46.74253999702;852.6
8509177;Rabius-Surrein;8.95750000388;46.73256999686;928.4
8509178;Sumvitg-Cumpadials;8.9310272261;46.72406116572;982.3
8509179;Disentis/Mustér;8.85519153356;46.70507945465;1129.7
8509180;Felsberg;9.48128043727;46.84309940563;569.2
8509181;Domat/Ems;9.45316000305;46.83313999877;581.1
8509182;Domat/Ems Werk;9.43038999637;46.82863999431;598.4
8509183;Reichenau-Tamins;9.41254999503;46.82365999754;604.3
8509184;Bonaduz;9.39776000565;46.81029000016;659.0
8509185;Rhäzüns;9.39926000098;46.79967999846;654.4
8509186;Rothenbrunnen;9.41960999447;46.7678599938;621.5
8509187;Rodels-Realta;9.43293000325;46.73513999375;639.6
8509188;Cazis;9.43293999777;46.71986999759;657.7
8509189;Thusis;9.44049999424;46.69820000051;696.1
8509192;Tiefencastel;9.57285999721;46.66387999955;884.2
8509193;Surava;9.62094000291;46.66685999939;939.1
8509194;Alvaneu;9.65072999982;46.67124999959;999.8
8509195;Filisur;9.68228999603;46.67532999685;1080.4
8509197;Bergün/Bravuogn;9.7467499985;46.63106999558;1372.2
8509198;Preda;9.77730999465;46.58814999472;1788.8
8509199;Spinas;9.8453299983;46.55983999401;1814.8
8509250;Bever;9.88847;46.54990999756;1710.3
8509251;Samedan;9.87363000426;46.53376000145;1705.5
8509252;Celerina;9.85844000586;46.51397999618;1729.9
8509253;St. Moritz;9.84639000322;46.49796999594;1775.1
8509254;Punt Muragl;9.88118999519;46.50968000158;1728.6
8509255;Pontresina;9.89606999641;46.49065000021;1773.8
8509256;La Punt Chamues-ch;9.92332999805;46.57867000128;1699.7
8509257;Madulain;9.93834999422;46.58707999843;1696.8
8509258;Zuoz;9.96146000644;46.59995000167;1691.8
8509259;S-chanf;9.98181999664;46.61193999883;1670.6
8509260;Cinuos-chel-Brail;10.02192000241;46.63852999799;1628.0
8509262;Zernez;10.08994000603;46.69767000074;1471.0
8509263;Susch;10.07933000327;46.75208000237;1434.9
8509264;Lavin;10.11097000072;46.76956999735;1432.0
8509265;Guarda;10.15053000079;46.77152000112;1432.0
8509266;Ardez;10.20105000202;46.77354000087;1432.2
8509267;Ftan Baraigla;10.25798999413;46.78765000169;1334.6
8509268;Scuol-Tarasp;10.28621999444;46.79376999626;1286.6
8509269;Sagliains;10.09657999378;46.76339999453;1432.4
8509350;Celerina Staz;9.86512000071;46.50964999967;1717.0
8509351;Punt Muragl Staz;9.88041000543;46.50734999728;1736.1
8509352;Surovas;9.90568000621;46.48562999333;1823.9
8509353;Morteratsch;9.94040999534;46.45072000227;1896.9
8509354;Bernina Suot;9.96938999623;46.44484999576;2052.4
8509356;Ospizio Bernina;10.01969999506;46.40875999954;2253.3
8509357;Alp Grüm;10.03114000202;46.37474999359;2091.2
8509358;Cavaglia;10.04413999727;46.36431999646;1692.9
8509359;Cadera;10.05137000307;46.3452699976;1383.0
8509361;Poschiavo;10.05431999788;46.32479999623;1014.2
8509363;Li Curt;10.06319999514;46.31119000147;988.0
8509364;Le Prese;10.07820130734;46.29114429042;968.0
8509365;Miralago;10.09954999349;46.27311999362;964.6
8509366;Brusio;10.12525999439;46.2593099969;779.6
8509367;Campascio;10.13169000567;46.24466999648;636.7
8509368;Campocologno;10.14206000572;46.23322000107;552.6
8509369;Tirano;10.16674999422;46.21515999577;429.0
8509373;Bernina Lagalb;9.99153601601;46.43632903601;2099.76
8509404;Buchs SG;9.47863668892;47.16841197938;447.2
8509406;Sevelen;9.49383527244;47.12537476558;458.2
8509411;Sargans;9.44626047466;47.04482351443;481.6
8509412;Mels;9.4177582723;47.05374625632;486.7
8509413;Flums;9.34792924788;47.09661665327;441.0
8509414;Walenstadt;9.31298145333;47.11987360856;426.1
8509416;Unterterzen;9.25501837741;47.11385687072;426.1
8509417;Murg;9.2150418825;47.11317485542;427.2
8509418;Mühlehorn;9.1730180523;47.11784024456;426.2
8515296;Brig Bahnhofplatz;7.98638354897;46.31900817455;672.25
8515992;Baar Neufeld;8.51778078343;47.18849295131;435.0
8515993;Baar Lindenpark;8.51705846014;47.18313669448;428.0
8515994;Zug Fridbach;8.51229178194;47.15658113786;432.0
8515995;Cham Alpenblick;8.47146327537;47.18228240399;416.0
8515996;Hünenberg Zythus;8.45009524706;47.17360756728;420.0
8515997;Root D4;8.37376042104;47.10482538752;417.0
8516154;Bern Brünnen Westside;7.3752780803;46.94403700839;558.5
8516155;Lancy-Pont-Rouge;6.12494699563;46.1859452998;385.0
8516161;Bern Wankdorf;7.46547780088;46.96782576598;548.5
8516176;Klingnau;8.25029485286;47.58155722169;321.707
8516187;Zug Schutzengel;8.50724220932;47.17372492171;421.0
8516218;Winterthur Hegi;8.76894715007;47.50148547386;461.184
8516219;Mellingen Heitersberg;8.27636325121;47.42807508779;397.0
8516270;Arbon Seemoosriet;9.42501951919;47.52119525826;399.889
8516271;Steinach;9.44200338685;47.50095591389;402.022
8516272;Genève-Champel;6.15349872414;46.19219334432;389.72
8516273;Genève-Eaux-Vives;6.16656958816;46.20144540654;385.5
8516274;Chêne-Bourg;6.19733346412;46.19660016902;414.0
8516283;Genève-Sécheron;6.1445611504;46.22244030852;390.4
8516350;Buchrain;8.35665850185;47.09364991512;419.0
8516351;Kriens Mattenhof;8.30233732059;47.02657554251;443.0
8516354;Wolhusen Weid;8.06916674948;47.06554487592;601.03
8516444;Kerzers Papiliorama;7.199281448;46.98977373601;437.6
8516450;Unterkulm Nord;8.11304954044;47.31476487135;461.0
8517112;Walchwil Hörndli;8.50477763473;47.10846112077;438.0
8517131;Pratteln Salina Raurica;7.70988907602;47.53058808617;275.0
8517142;Lancy-Bachet;6.12936213667;46.17433286793;383.65
8517336;Luzern Verkehrshaus;8.33729732768;47.05393231648;439.0
8517376;Dietikon Schöneggstrasse;8.40098815848;47.40196130915;393.9
8517377;Bibenlos-Sonnenhof;8.35027798183;47.35379141388;398.92
8517485;Sur-le-Buis;7.1006299995;46.35330000208;1123.7
8517519;Stabio;8.94394221429;45.84970965542;344.0
8517527;Zug Casino;8.51520272861;47.16231812522;432.0
8518100;St. Gallen Birnbäumen;9.39298185753;47.42583344122;724.7
8518243;Beringerfeld;8.59218197398;47.69537157188;440.0
8518452;Prilly-Malley;6.60262893925;46.52669197654;430.4
8518459;Steinhausen Rigiblick;8.47970387299;47.18786377025;416.37
8518475;Mendrisio S. Martino;8.98309272048;45.8772201993;319.0
8518690;Niederbipp Industrie;7.70317000505;47.2786399951;462.9
8518749;Lyss Grien;7.29650350222;47.07268456553;442.229
8518771;Biel/Bienne Bözingenfeld/Champ;7.29464813274;47.15838230222;444.25
8518924;Neuhausen Rheinfall;8.61694647232;47.67980492624;402.4
8518963;Solothurn Allmend;7.52142705346;47.20888629887;433.0
8519077;St-Cergue Les Cheseaux;6.1472799941;46.44688000227;1101.7
8519133;Fribourg/Freiburg Poya;7.15648590497;46.81557959483;614.0
8519306;St. Gallen Güterbahnhof;9.36246709863;47.41730092039;676.25
8519370;Bernina Diavolezza;9.98229000518;46.4417899994;2081.7
8519685;Aarau Torfeld;8.06263971148;47.39356285576;383.0
8530011;Les Coeudres-Est;6.78953104382;47.02879662065;1012.4
8530012;Petit-Martel-Est;6.76680466734;47.01458739009;1004.3
8530064;Bex Pont-Neuf;7.02082000486;46.25052000205;432.3
8530066;Grand-Moulin;7.02321999813;46.2526200001;439.6
8530067;Les Salines;7.02763999582;46.25483999903;458.0
8530225;Le Stand;6.74525325973;47.0050133377;1004.6
8530246;Foyer Dents-du-Midi;7.02984000592;46.25638999966;471.7
8530260;Le Locle Le Chalet;6.73883786796;47.05583786201;944.0
8530261;Bois-de-Chexbres;6.90152999463;46.47327999988;835.8
8530262;St-Eloi;6.53205467271;46.72062136859;460.0
8530263;Yverdon William Barbey;6.63167626487;46.78899199122;435.5
8530303;Les Fumeaux;7.06460813618;46.1100803511;463.0
8530334;La Médettaz;7.00783909249;46.1088337027;1040.0
8530335;Aigle-Hôpital;6.96605000324;46.31047000119;400.6
8530355;Les Arnoux;6.99678000254;46.29130999873;429.8
8530366;Pont du Rhône;6.96178000071;46.27614999415;397.2
8530378;Les Neys;6.9247799983;46.23602000042;727.9
8530430;Route de Morgins;6.92142044946;46.23215132208;755.0
8530463;En Charnet;6.88701000512;46.1970199957;921.8
8530523;La Ruaz;7.00771999899;46.25307999608;420.2
8530708;Neuchâtel Evole;6.92337449857;46.98965148252;433.0
8530709;Neuchâtel Champ-Bougin;6.91223739117;46.9845633882;432.0
8530710;Neuchâtel Serrières Ruau;6.89503742119;46.97973713012;432.0
8530711;Colombier NE Allées Littorail;6.86950855573;46.96806812904;434.0
8530760;Aareschlucht West;8.19857711981;46.72124745316;604.03
8530783;Chez-le-Maître-Ecoles;6.22215117049;46.59946064789;1015.0
8530789;Bioggio Molinazzo;8.91401000202;46.01235999721;286.6
8530790;Sorengo Laghetto;8.93334000617;45.99681000033;349.7
8530799;Meiringen Alpbach;8.19001455159;46.72311132983;602.47
8530800;Innertkirchen Unterwasser;8.22607936514;46.70809694292;624.34
8530801;Aareschlucht Ost (Bahn);8.21789520301;46.71200007735;618.26
8530811;Zürich, Balgrist;8.57502031046;47.3545780537;477.0
8530812;Zürich, Hegibachplatz;8.56062254234;47.36169015193;435.0
8530813;Zürich, Kreuzplatz;8.5540830594;47.36487483561;424.0
8587727;Les Ripes;6.60806000514;46.59218999687;623.7
8588122;Landschlacht;9.24694872402;47.62889135809;406.4
8588193;Gryon Bois-Gentil;7.06754999823;46.27772999822;1175.4
8589198;Worbboden;7.55952527022;46.93392908043;573.0
8591315;Zürich, Rehalp;8.58297895743;47.35102727605;522.0
8593467;Pont de Fayot;6.90373000534;46.21901999538;797.3
8593772;Gryon-Chalméry;7.05190999544;46.27363999413;1093.7
8593773;Les Bovets;7.14163999875;46.35546000026;1156.2
8593774;La Faverge;7.14712000292;46.35492999403;1147.3
8593775;Les Nicolets;7.11953999971;46.35446000095;1096.6
8593776;Plan Morier;7.12919999674;46.35356999779;1108.6
8594258;Langenthal Industrie Nord;7.78647123805;47.22855696118;458.0
